run_accession	experiment_accession	fastq_ftp	fastq_md5	fastq_bytes
SRR23901512	SRX19713272	ftp.sra.ebi.ac.uk/vol1/fastq/SRR239/012/SRR23901512/SRR23901512.fastq.gz	4e101cb4f4f76268a3b0bfd4d286e977	397830456
SRR23901514	SRX19713270	ftp.sra.ebi.ac.uk/vol1/fastq/SRR239/014/SRR23901514/SRR23901514.fastq.gz	39786bb5ae3163911f8fc8487e8859e5	476204085
SRR23901517	SRX19713267	ftp.sra.ebi.ac.uk/vol1/fastq/SRR239/017/SRR23901517/SRR23901517.fastq.gz	64ff49cabd390b569d8822cd45a0e234	535430758
SRR23901519	SRX19713265	ftp.sra.ebi.ac.uk/vol1/fastq/SRR239/019/SRR23901519/SRR23901519.fastq.gz	824527bb8b0ffcadbca6d7aa45182640	435066649
SRR23901528	SRX19713256	ftp.sra.ebi.ac.uk/vol1/fastq/SRR239/028/SRR23901528/SRR23901528.fastq.gz	fd5fb83576c705cb2cc3fe172967d29d	1328990568
SRR23901530	SRX19713254	ftp.sra.ebi.ac.uk/vol1/fastq/SRR239/030/SRR23901530/SRR23901530.fastq.gz	f1eb443e35c38f9836b6277c8d9f8255	1523675136
SRR23901532	SRX19713252	ftp.sra.ebi.ac.uk/vol1/fastq/SRR239/032/SRR23901532/SRR23901532.fastq.gz	571ce46b3f281ba4606c999f5d9f91a7	1313453156
SRR23901535	SRX19713249	ftp.sra.ebi.ac.uk/vol1/fastq/SRR239/035/SRR23901535/SRR23901535.fastq.gz	b70ff15e97ddbf4bee0c49c705737f31	1182736475
SRR23901508	SRX19713276	ftp.sra.ebi.ac.uk/vol1/fastq/SRR239/008/SRR23901508/SRR23901508.fastq.gz	0f395c87f3fc3dd96e0d4eb2f9279487	431899416
SRR23901518	SRX19713266	ftp.sra.ebi.ac.uk/vol1/fastq/SRR239/018/SRR23901518/SRR23901518.fastq.gz	1b1d8a23e9a0d864ca81b7e08ef40bfa	492862352
SRR23901520	SRX19713264	ftp.sra.ebi.ac.uk/vol1/fastq/SRR239/020/SRR23901520/SRR23901520.fastq.gz	2351a71c747bc837966278d063165a98	325468254
SRR23901522	SRX19713262	ftp.sra.ebi.ac.uk/vol1/fastq/SRR239/022/SRR23901522/SRR23901522.fastq.gz	636fee3b11ef4bb5895580e8487afe5a	411500831
SRR23901525	SRX19713259	ftp.sra.ebi.ac.uk/vol1/fastq/SRR239/025/SRR23901525/SRR23901525.fastq.gz	95431e7aeeebaa688c41a788d353c654	483454237
SRR23901526	SRX19713258	ftp.sra.ebi.ac.uk/vol1/fastq/SRR239/026/SRR23901526/SRR23901526.fastq.gz	a40bb9bdf7042fc89e9e850a1d560e89	357059758
SRR23901506	SRX19713278	ftp.sra.ebi.ac.uk/vol1/fastq/SRR239/006/SRR23901506/SRR23901506.fastq.gz	eb6911cc0e4f1f41ef80190e43bbe6ca	317475337
SRR23901507	SRX19713277	ftp.sra.ebi.ac.uk/vol1/fastq/SRR239/007/SRR23901507/SRR23901507.fastq.gz	dc18425969214fdbd7c577c1fa809a20	495388875
SRR23901509	SRX19713275	ftp.sra.ebi.ac.uk/vol1/fastq/SRR239/009/SRR23901509/SRR23901509.fastq.gz	1d9ff54dd35c418e1adb59088f99d586	486364966
SRR23901510	SRX19713274	ftp.sra.ebi.ac.uk/vol1/fastq/SRR239/010/SRR23901510/SRR23901510.fastq.gz	7fea5f55ba9d6c404406660c59bc71e4	470655457
SRR23901511	SRX19713273	ftp.sra.ebi.ac.uk/vol1/fastq/SRR239/011/SRR23901511/SRR23901511.fastq.gz	f9994988357280815acf23deca25fbd1	370216848
SRR23901513	SRX19713271	ftp.sra.ebi.ac.uk/vol1/fastq/SRR239/013/SRR23901513/SRR23901513.fastq.gz	00911b1bc7f2e27f457fa65564059aae	474342795
SRR23901515	SRX19713269	ftp.sra.ebi.ac.uk/vol1/fastq/SRR239/015/SRR23901515/SRR23901515.fastq.gz	7c40cae656e78eda431622c016ec60d8	418159697
SRR23901516	SRX19713268	ftp.sra.ebi.ac.uk/vol1/fastq/SRR239/016/SRR23901516/SRR23901516.fastq.gz	04397a60b10c079e0aa0733e9fe539bb	546758096
SRR23901521	SRX19713263	ftp.sra.ebi.ac.uk/vol1/fastq/SRR239/021/SRR23901521/SRR23901521.fastq.gz	90715be3b0130df4094f629c81f4ae8b	452923934
SRR23901523	SRX19713261	ftp.sra.ebi.ac.uk/vol1/fastq/SRR239/023/SRR23901523/SRR23901523.fastq.gz	80f31a8dbc25ea4d7493c15829904134	388926453
SRR23901524	SRX19713260	ftp.sra.ebi.ac.uk/vol1/fastq/SRR239/024/SRR23901524/SRR23901524.fastq.gz	7d9f3a18ed26358efd3d7a4f98717c7a	508532394
SRR23901527	SRX19713257	ftp.sra.ebi.ac.uk/vol1/fastq/SRR239/027/SRR23901527/SRR23901527.fastq.gz	fa7983a766aec130b9c214a0544f085c	473269292
SRR23901529	SRX19713255	ftp.sra.ebi.ac.uk/vol1/fastq/SRR239/029/SRR23901529/SRR23901529.fastq.gz	5b1e22962f3a91cc28ff99eb589b1364	1254150408
SRR23901531	SRX19713253	ftp.sra.ebi.ac.uk/vol1/fastq/SRR239/031/SRR23901531/SRR23901531.fastq.gz	4724ed110fa559c874b391161b5ac617	1132959108
SRR23901533	SRX19713251	ftp.sra.ebi.ac.uk/vol1/fastq/SRR239/033/SRR23901533/SRR23901533.fastq.gz	b566d18c51bf4ed9f8118ce0131dd83b	1156049270
SRR23901534	SRX19713250	ftp.sra.ebi.ac.uk/vol1/fastq/SRR239/034/SRR23901534/SRR23901534.fastq.gz	2e3fb27b40e6f4f3cdc51fd2a58fb925	1126869945
SRR23957959	SRX19766693	ftp.sra.ebi.ac.uk/vol1/fastq/SRR239/059/SRR23957959/SRR23957959_1.fastq.gz;ftp.sra.ebi.ac.uk/vol1/fastq/SRR239/059/SRR23957959/SRR23957959_2.fastq.gz	96a972c7f7db9c1c39e784964c4fcf61;3cf5ced5eed598e0ec4b82408011fee7	288177754;288336902
SRR23957960	SRX19766692	ftp.sra.ebi.ac.uk/vol1/fastq/SRR239/060/SRR23957960/SRR23957960_1.fastq.gz;ftp.sra.ebi.ac.uk/vol1/fastq/SRR239/060/SRR23957960/SRR23957960_2.fastq.gz	d371ef07ddad8aac7523f6caaf02d9f3;4ec375ad45aeff72918343ccb98ff50e	385566458;385735195
SRR23957964	SRX19766688	ftp.sra.ebi.ac.uk/vol1/fastq/SRR239/064/SRR23957964/SRR23957964_1.fastq.gz;ftp.sra.ebi.ac.uk/vol1/fastq/SRR239/064/SRR23957964/SRR23957964_2.fastq.gz	13ac55a99acbeade354b952e4fe94cbd;f873c6e9036ac704324c9a554c58064d	227204656;227308224
SRR23957965	SRX19766687	ftp.sra.ebi.ac.uk/vol1/fastq/SRR239/065/SRR23957965/SRR23957965_1.fastq.gz;ftp.sra.ebi.ac.uk/vol1/fastq/SRR239/065/SRR23957965/SRR23957965_2.fastq.gz	a0f075670e1ddbfc4a6b591c6281e3ec;8314a0e9755b64ed716b057269abab39	308927003;309073846
SRR23957966	SRX19766686	ftp.sra.ebi.ac.uk/vol1/fastq/SRR239/066/SRR23957966/SRR23957966_1.fastq.gz;ftp.sra.ebi.ac.uk/vol1/fastq/SRR239/066/SRR23957966/SRR23957966_2.fastq.gz	b1e63c1080e48457fc13ffacfc769bd6;8b968ea5ef0250f39107b68ba134ec6d	298557315;298687728
SRR23957967	SRX19766685	ftp.sra.ebi.ac.uk/vol1/fastq/SRR239/067/SRR23957967/SRR23957967_1.fastq.gz;ftp.sra.ebi.ac.uk/vol1/fastq/SRR239/067/SRR23957967/SRR23957967_2.fastq.gz	205fad2beb16569dbdf9619915307330;98ac1e74cd494ad3d834d3643ebb2528	279794365;279875127
SRR23957968	SRX19766684	ftp.sra.ebi.ac.uk/vol1/fastq/SRR239/068/SRR23957968/SRR23957968_1.fastq.gz;ftp.sra.ebi.ac.uk/vol1/fastq/SRR239/068/SRR23957968/SRR23957968_2.fastq.gz	b4394852cc34b6b18b0f4fe583cd79ac;50d71a322e916d07bc1d30216fcae1e9	870602257;860573817
SRR23957969	SRX19766683	ftp.sra.ebi.ac.uk/vol1/fastq/SRR239/069/SRR23957969/SRR23957969_1.fastq.gz;ftp.sra.ebi.ac.uk/vol1/fastq/SRR239/069/SRR23957969/SRR23957969_2.fastq.gz	e79da6ed88ee5ad8cd3d514911965ae4;8533c7af05de21bce56419e69b037368	690780015;680531477
SRR23957974	SRX19766678	ftp.sra.ebi.ac.uk/vol1/fastq/SRR239/074/SRR23957974/SRR23957974_1.fastq.gz;ftp.sra.ebi.ac.uk/vol1/fastq/SRR239/074/SRR23957974/SRR23957974_2.fastq.gz	731199963337875ecf9fe45718b2555f;41a8d45dc2a961d27c894cf9b2907c29	762327162;757343655
SRR23957977	SRX19766675	ftp.sra.ebi.ac.uk/vol1/fastq/SRR239/077/SRR23957977/SRR23957977_1.fastq.gz;ftp.sra.ebi.ac.uk/vol1/fastq/SRR239/077/SRR23957977/SRR23957977_2.fastq.gz	a6fde7613a74480fac2ea26ba8230244;5f6cde8ca5acb7b787e0c893ebd90334	1004840544;991612884
SRR23957978	SRX19766674	ftp.sra.ebi.ac.uk/vol1/fastq/SRR239/078/SRR23957978/SRR23957978_1.fastq.gz;ftp.sra.ebi.ac.uk/vol1/fastq/SRR239/078/SRR23957978/SRR23957978_2.fastq.gz	0b0993210b480b330a6b13d249eebac8;67b38786663fd0617be9b67c77b3a8b6	485483918;481770002
SRR23957980	SRX19766672	ftp.sra.ebi.ac.uk/vol1/fastq/SRR239/080/SRR23957980/SRR23957980_1.fastq.gz;ftp.sra.ebi.ac.uk/vol1/fastq/SRR239/080/SRR23957980/SRR23957980_2.fastq.gz	7af77bd1ff876661cc0c65d197273797;5eb286d9352afba576d082f3c1c06575	622332051;615978143
SRR23957985	SRX19766667	ftp.sra.ebi.ac.uk/vol1/fastq/SRR239/085/SRR23957985/SRR23957985_1.fastq.gz;ftp.sra.ebi.ac.uk/vol1/fastq/SRR239/085/SRR23957985/SRR23957985_2.fastq.gz	17b3e36318584ce6f7b9489f9b836c97;2dfd5e4fe2ca5291e9dcca8c74e1a228	568309107;563821017
SRR23957986	SRX19766666	ftp.sra.ebi.ac.uk/vol1/fastq/SRR239/086/SRR23957986/SRR23957986_1.fastq.gz;ftp.sra.ebi.ac.uk/vol1/fastq/SRR239/086/SRR23957986/SRR23957986_2.fastq.gz	fb5ca3db0aac0bb7168ea8246a2db42f;99b7e383230e6d4b18d992f67485c93a	1172742321;1159266295
SRR23957987	SRX19766665	ftp.sra.ebi.ac.uk/vol1/fastq/SRR239/087/SRR23957987/SRR23957987_1.fastq.gz;ftp.sra.ebi.ac.uk/vol1/fastq/SRR239/087/SRR23957987/SRR23957987_2.fastq.gz	2e60ffcf123c698c3d2d825142cb3c3a;0afff7c2386df3649a062759c961ad78	1633478399;1624536691
SRR23957988	SRX19766664	ftp.sra.ebi.ac.uk/vol1/fastq/SRR239/088/SRR23957988/SRR23957988_1.fastq.gz;ftp.sra.ebi.ac.uk/vol1/fastq/SRR239/088/SRR23957988/SRR23957988_2.fastq.gz	46a7bcf4b276f17e8d8b6c22d60b2e58;6e123a779a5b9db6f5c8ce2d33a2b713	1178321952;1174731060
SRR23957995	SRX19766657	ftp.sra.ebi.ac.uk/vol1/fastq/SRR239/095/SRR23957995/SRR23957995_1.fastq.gz;ftp.sra.ebi.ac.uk/vol1/fastq/SRR239/095/SRR23957995/SRR23957995_2.fastq.gz	a3c1413b0b49da5e08adcba057d56677;2974d3ec9938415805759effd99e624d	150670847;150718395
SRR23957944	SRX19766708	ftp.sra.ebi.ac.uk/vol1/fastq/SRR239/044/SRR23957944/SRR23957944_1.fastq.gz;ftp.sra.ebi.ac.uk/vol1/fastq/SRR239/044/SRR23957944/SRR23957944_2.fastq.gz	b2f6d4df249267adb695bd11f504556c;937238ec61d7e80bb12040e731a54bfb	275249669;275323593
SRR23957945	SRX19766707	ftp.sra.ebi.ac.uk/vol1/fastq/SRR239/045/SRR23957945/SRR23957945_1.fastq.gz;ftp.sra.ebi.ac.uk/vol1/fastq/SRR239/045/SRR23957945/SRR23957945_2.fastq.gz	1c25131697b4c64c616feb7cf1d20349;302949352afda7d7cfbc7d0af5e66625	310047313;310140098
SRR23957948	SRX19766704	ftp.sra.ebi.ac.uk/vol1/fastq/SRR239/048/SRR23957948/SRR23957948_1.fastq.gz;ftp.sra.ebi.ac.uk/vol1/fastq/SRR239/048/SRR23957948/SRR23957948_2.fastq.gz	4864e1b63984a66000ae3b847dfa9372;915011fb4bb69f9d1499b714a6d388d2	258312400;258433244
SRR23957952	SRX19766700	ftp.sra.ebi.ac.uk/vol1/fastq/SRR239/052/SRR23957952/SRR23957952_1.fastq.gz;ftp.sra.ebi.ac.uk/vol1/fastq/SRR239/052/SRR23957952/SRR23957952_2.fastq.gz	ad50dae2c08d37931f34ba245d32b1cf;855167dcbf44b7f5a0db507bc17acd9a	341706743;341840091
SRR23957955	SRX19766697	ftp.sra.ebi.ac.uk/vol1/fastq/SRR239/055/SRR23957955/SRR23957955_1.fastq.gz;ftp.sra.ebi.ac.uk/vol1/fastq/SRR239/055/SRR23957955/SRR23957955_2.fastq.gz	5e60a07cf9a588a50d4eef769b6525d5;7fbf92a5a432e87b2294cc166f613fb6	320453455;320595564
SRR23957961	SRX19766691	ftp.sra.ebi.ac.uk/vol1/fastq/SRR239/061/SRR23957961/SRR23957961_1.fastq.gz;ftp.sra.ebi.ac.uk/vol1/fastq/SRR239/061/SRR23957961/SRR23957961_2.fastq.gz	ef76c18fd1f38f92e1d05f84a621cc9a;17fe009a7520a98fbd6a38e25677b977	394778643;394893974
SRR23957962	SRX19766690	ftp.sra.ebi.ac.uk/vol1/fastq/SRR239/062/SRR23957962/SRR23957962_1.fastq.gz;ftp.sra.ebi.ac.uk/vol1/fastq/SRR239/062/SRR23957962/SRR23957962_2.fastq.gz	cad34356f4b7c9a015cb7d0595c37a08;28bb9ecae711b360aac36cbd2d9155fc	329812382;329949573
SRR23957971	SRX19766681	ftp.sra.ebi.ac.uk/vol1/fastq/SRR239/071/SRR23957971/SRR23957971_1.fastq.gz;ftp.sra.ebi.ac.uk/vol1/fastq/SRR239/071/SRR23957971/SRR23957971_2.fastq.gz	e4c245aea3691db8d12440d11cb833f8;1c5c9b3450c816813b57d863904a37b4	817288134;806320345
SRR23957973	SRX19766679	ftp.sra.ebi.ac.uk/vol1/fastq/SRR239/073/SRR23957973/SRR23957973_1.fastq.gz;ftp.sra.ebi.ac.uk/vol1/fastq/SRR239/073/SRR23957973/SRR23957973_2.fastq.gz	2b5a42cd4726c0a514c6cdb3efc2ddef;45e39dfc70f375aa8769a041336d4004	1015390502;1007804405
SRR23957975	SRX19766677	ftp.sra.ebi.ac.uk/vol1/fastq/SRR239/075/SRR23957975/SRR23957975_1.fastq.gz;ftp.sra.ebi.ac.uk/vol1/fastq/SRR239/075/SRR23957975/SRR23957975_2.fastq.gz	558f6066324c6ed9554f165735521474;b3ab8e5ef373f115d3b185416e7a00c1	559157859;552049882
SRR23957976	SRX19766676	ftp.sra.ebi.ac.uk/vol1/fastq/SRR239/076/SRR23957976/SRR23957976_1.fastq.gz;ftp.sra.ebi.ac.uk/vol1/fastq/SRR239/076/SRR23957976/SRR23957976_2.fastq.gz	faedcad15f212a8c52187bc9a2e1bd84;2fcca59b399867e72fbc42c994663e0c	689781530;684680223
SRR23957982	SRX19766670	ftp.sra.ebi.ac.uk/vol1/fastq/SRR239/082/SRR23957982/SRR23957982_1.fastq.gz;ftp.sra.ebi.ac.uk/vol1/fastq/SRR239/082/SRR23957982/SRR23957982_2.fastq.gz	63e38136d511e454b881be8f91f0e927;a43f4b425a06020259b1a9dbd674e090	416044664;412133675
SRR23957989	SRX19766663	ftp.sra.ebi.ac.uk/vol1/fastq/SRR239/089/SRR23957989/SRR23957989_1.fastq.gz;ftp.sra.ebi.ac.uk/vol1/fastq/SRR239/089/SRR23957989/SRR23957989_2.fastq.gz	9f6a6788ab9671b67e5d7813ffd00dfc;de158dcae3d7c683f22fe7c8cf0c96e2	1173612061;1156326518
SRR23957990	SRX19766662	ftp.sra.ebi.ac.uk/vol1/fastq/SRR239/090/SRR23957990/SRR23957990_1.fastq.gz;ftp.sra.ebi.ac.uk/vol1/fastq/SRR239/090/SRR23957990/SRR23957990_2.fastq.gz	55c1cb48df55d1d78d9c933936b46ee0;28c3b3b2c447e732530bfbd36efdb362	801819277;796357556
SRR23957991	SRX19766661	ftp.sra.ebi.ac.uk/vol1/fastq/SRR239/091/SRR23957991/SRR23957991_1.fastq.gz;ftp.sra.ebi.ac.uk/vol1/fastq/SRR239/091/SRR23957991/SRR23957991_2.fastq.gz	f1cd4bc2fed4550ca7b69ab6856a6b35;70dd86380474e8e17c2348b23ffeb143	1182635397;1170890075
SRR23957993	SRX19766659	ftp.sra.ebi.ac.uk/vol1/fastq/SRR239/093/SRR23957993/SRR23957993_1.fastq.gz;ftp.sra.ebi.ac.uk/vol1/fastq/SRR239/093/SRR23957993/SRR23957993_2.fastq.gz	27ea7ab59372d3b2e3879d6d94725b31;28f8814ccdf4dd7bada4986a216fa4a5	618235481;608659053
SRR23957996	SRX19766656	ftp.sra.ebi.ac.uk/vol1/fastq/SRR239/096/SRR23957996/SRR23957996_1.fastq.gz;ftp.sra.ebi.ac.uk/vol1/fastq/SRR239/096/SRR23957996/SRR23957996_2.fastq.gz	70a4ba2f6c52f3f785cc3ba66de4ad86;f3a5f43596c680ce71131bb0e23b3a81	743185536;743385219
SRR23957997	SRX19766655	ftp.sra.ebi.ac.uk/vol1/fastq/SRR239/097/SRR23957997/SRR23957997_1.fastq.gz;ftp.sra.ebi.ac.uk/vol1/fastq/SRR239/097/SRR23957997/SRR23957997_2.fastq.gz	3cff1dccd1b0f0162d41a6c029de7638;c62244111551669f057db1abd7233a70	609669667;609824282
SRR23957946	SRX19766706	ftp.sra.ebi.ac.uk/vol1/fastq/SRR239/046/SRR23957946/SRR23957946_1.fastq.gz;ftp.sra.ebi.ac.uk/vol1/fastq/SRR239/046/SRR23957946/SRR23957946_2.fastq.gz	0f03f9303bbb47c9a1de4ee05addda15;49693655b5b7fc1440a40392481f2f16	331596169;331745649
SRR23957947	SRX19766705	ftp.sra.ebi.ac.uk/vol1/fastq/SRR239/047/SRR23957947/SRR23957947_1.fastq.gz;ftp.sra.ebi.ac.uk/vol1/fastq/SRR239/047/SRR23957947/SRR23957947_2.fastq.gz	61eb7fe166676fdd88c1c95f7722b1e5;ba750b1e952b58e837a974fe885cb551	275934127;276042441
SRR23957949	SRX19766703	ftp.sra.ebi.ac.uk/vol1/fastq/SRR239/049/SRR23957949/SRR23957949_1.fastq.gz;ftp.sra.ebi.ac.uk/vol1/fastq/SRR239/049/SRR23957949/SRR23957949_2.fastq.gz	3284be12dddfb80cf998c006f601a70a;9dadb825381125fa1a2b2cddcd33bdba	249110788;249216656
SRR23957950	SRX19766702	ftp.sra.ebi.ac.uk/vol1/fastq/SRR239/050/SRR23957950/SRR23957950_1.fastq.gz;ftp.sra.ebi.ac.uk/vol1/fastq/SRR239/050/SRR23957950/SRR23957950_2.fastq.gz	099ddd2d9b2643d662fe10ab2c06f37e;d49d003870963749b59ea48cc66cfb29	280454687;280553249
SRR23957951	SRX19766701	ftp.sra.ebi.ac.uk/vol1/fastq/SRR239/051/SRR23957951/SRR23957951_1.fastq.gz;ftp.sra.ebi.ac.uk/vol1/fastq/SRR239/051/SRR23957951/SRR23957951_2.fastq.gz	7d469b9ce5150e9af35fe373392197e9;95f5772ecea753627480b7a825696b60	288101378;288205958
SRR23957953	SRX19766699	ftp.sra.ebi.ac.uk/vol1/fastq/SRR239/053/SRR23957953/SRR23957953_1.fastq.gz;ftp.sra.ebi.ac.uk/vol1/fastq/SRR239/053/SRR23957953/SRR23957953_2.fastq.gz	2f5a4ce2f98023e3dea9ba8d58d27d32;063222f3d5fcd6f3bdd4e6f37261c3db	329449526;329554728
SRR23957954	SRX19766698	ftp.sra.ebi.ac.uk/vol1/fastq/SRR239/054/SRR23957954/SRR23957954_1.fastq.gz;ftp.sra.ebi.ac.uk/vol1/fastq/SRR239/054/SRR23957954/SRR23957954_2.fastq.gz	29c592a68161063340fe2ca9a2c412a5;916f294a9110a4d0d7dd13bb0230850f	539439549;539679371
SRR23957956	SRX19766696	ftp.sra.ebi.ac.uk/vol1/fastq/SRR239/056/SRR23957956/SRR23957956_1.fastq.gz;ftp.sra.ebi.ac.uk/vol1/fastq/SRR239/056/SRR23957956/SRR23957956_2.fastq.gz	44cf77ab9d9ac3002106376fe8128cc0;10f5af11b443d520054ce02037e4cdc5	347036550;347059296
SRR23957957	SRX19766695	ftp.sra.ebi.ac.uk/vol1/fastq/SRR239/057/SRR23957957/SRR23957957_1.fastq.gz;ftp.sra.ebi.ac.uk/vol1/fastq/SRR239/057/SRR23957957/SRR23957957_2.fastq.gz	4676a86f9a5215d8571ffa282dc05271;a2b2f15b40fc4ac1a3bee291a7b298e9	326751552;326863099
SRR23957958	SRX19766694	ftp.sra.ebi.ac.uk/vol1/fastq/SRR239/058/SRR23957958/SRR23957958_1.fastq.gz;ftp.sra.ebi.ac.uk/vol1/fastq/SRR239/058/SRR23957958/SRR23957958_2.fastq.gz	50a90eb0652f4149d0eb661cda79f628;20e9198c8887ad0f4bf30b23681652c5	253094439;253201166
SRR23957963	SRX19766689	ftp.sra.ebi.ac.uk/vol1/fastq/SRR239/063/SRR23957963/SRR23957963_1.fastq.gz;ftp.sra.ebi.ac.uk/vol1/fastq/SRR239/063/SRR23957963/SRR23957963_2.fastq.gz	3f1a980d4d4a4def419970b3bc90be55;2f2397881826000d48112797580f2cba	284656352;284806256
SRR23957970	SRX19766682	ftp.sra.ebi.ac.uk/vol1/fastq/SRR239/070/SRR23957970/SRR23957970_1.fastq.gz;ftp.sra.ebi.ac.uk/vol1/fastq/SRR239/070/SRR23957970/SRR23957970_2.fastq.gz	0b0f7e71efaa5236e65622a6b6de102d;569619afc2eef37d7cea0f04ab76cc69	624457869;622255567
SRR23957972	SRX19766680	ftp.sra.ebi.ac.uk/vol1/fastq/SRR239/072/SRR23957972/SRR23957972_1.fastq.gz;ftp.sra.ebi.ac.uk/vol1/fastq/SRR239/072/SRR23957972/SRR23957972_2.fastq.gz	affa317720a67b80087524e298712d33;abba0a701bc57b32852bd62c1a0e5dab	644343903;639571372
SRR23957979	SRX19766673	ftp.sra.ebi.ac.uk/vol1/fastq/SRR239/079/SRR23957979/SRR23957979_1.fastq.gz;ftp.sra.ebi.ac.uk/vol1/fastq/SRR239/079/SRR23957979/SRR23957979_2.fastq.gz	381c004d3fe50b8801a9bc810a4cf061;267f865bb009d07cecdd193cd4c75f22	391563196;388935370
SRR23957981	SRX19766671	ftp.sra.ebi.ac.uk/vol1/fastq/SRR239/081/SRR23957981/SRR23957981_1.fastq.gz;ftp.sra.ebi.ac.uk/vol1/fastq/SRR239/081/SRR23957981/SRR23957981_2.fastq.gz	7c371db13ceddb0527d0edcd17b0f8bb;07c54c411943f167ef179a976810a172	448620051;446398746
SRR23957983	SRX19766669	ftp.sra.ebi.ac.uk/vol1/fastq/SRR239/083/SRR23957983/SRR23957983_1.fastq.gz;ftp.sra.ebi.ac.uk/vol1/fastq/SRR239/083/SRR23957983/SRR23957983_2.fastq.gz	ebeda3df3eda1e5203ae82783e21cdc2;b0bd14948801701381e35753c341be52	710890339;705511520
SRR23957984	SRX19766668	ftp.sra.ebi.ac.uk/vol1/fastq/SRR239/084/SRR23957984/SRR23957984_1.fastq.gz;ftp.sra.ebi.ac.uk/vol1/fastq/SRR239/084/SRR23957984/SRR23957984_2.fastq.gz	f23754b86ae27ec536154187c606b0e5;3ee93eb292fe7bde04b82f13958c4714	712248816;703937001
SRR23957992	SRX19766660	ftp.sra.ebi.ac.uk/vol1/fastq/SRR239/092/SRR23957992/SRR23957992_1.fastq.gz;ftp.sra.ebi.ac.uk/vol1/fastq/SRR239/092/SRR23957992/SRR23957992_2.fastq.gz	9f2e6f47137411f831ff965f3947bc85;7d182fc2c284f9c6b9bb7ed650474be0	422790963;418611196
SRR23957994	SRX19766658	ftp.sra.ebi.ac.uk/vol1/fastq/SRR239/094/SRR23957994/SRR23957994_1.fastq.gz;ftp.sra.ebi.ac.uk/vol1/fastq/SRR239/094/SRR23957994/SRR23957994_2.fastq.gz	40c9a48328830aa0129dc2c78ad6abbc;34f786b58821b66288d96883659aeed6	90062950;90095063
SRR23958776	SRX19767398	ftp.sra.ebi.ac.uk/vol1/fastq/SRR239/076/SRR23958776/SRR23958776_1.fastq.gz;ftp.sra.ebi.ac.uk/vol1/fastq/SRR239/076/SRR23958776/SRR23958776_2.fastq.gz	4b7f4f8353d98679be6ca767527ea4bb;7841207ab593cdff671063918af2f929	1146577683;1135052937
SRR23958782	SRX19767392	ftp.sra.ebi.ac.uk/vol1/fastq/SRR239/082/SRR23958782/SRR23958782_1.fastq.gz;ftp.sra.ebi.ac.uk/vol1/fastq/SRR239/082/SRR23958782/SRR23958782_2.fastq.gz	2a813d002913c6cee47265dab5ce8af8;94d60b42b9c2eb3adb4513b176395e29	1370331520;1362902996
SRR23958775	SRX19767399	ftp.sra.ebi.ac.uk/vol1/fastq/SRR239/075/SRR23958775/SRR23958775_1.fastq.gz;ftp.sra.ebi.ac.uk/vol1/fastq/SRR239/075/SRR23958775/SRR23958775_2.fastq.gz	b0e7162cc23789a972d6e5693155d21c;08e052485915562825d90e10afb7c55f	1210407621;1199875981
SRR23958778	SRX19767396	ftp.sra.ebi.ac.uk/vol1/fastq/SRR239/078/SRR23958778/SRR23958778_1.fastq.gz;ftp.sra.ebi.ac.uk/vol1/fastq/SRR239/078/SRR23958778/SRR23958778_2.fastq.gz	8a608600a5dc4fe6309a2098a4176711;bb2df25b0cdeacdd86ff74c1331d35bc	1295819264;1291937238
SRR23958779	SRX19767395	ftp.sra.ebi.ac.uk/vol1/fastq/SRR239/079/SRR23958779/SRR23958779_1.fastq.gz;ftp.sra.ebi.ac.uk/vol1/fastq/SRR239/079/SRR23958779/SRR23958779_2.fastq.gz	d1f8b4f3f19720d0a6d6d8eca97b2222;389f333682a41493b50eb0f51557e9c6	1160723432;1138968140
SRR23958777	SRX19767397	ftp.sra.ebi.ac.uk/vol1/fastq/SRR239/077/SRR23958777/SRR23958777_1.fastq.gz;ftp.sra.ebi.ac.uk/vol1/fastq/SRR239/077/SRR23958777/SRR23958777_2.fastq.gz	63c31450ba49fd21c08ded02ff5f66e9;2a1a984d2e43acc864ad3c35db37d285	1366943937;1338731287
SRR23958780	SRX19767394	ftp.sra.ebi.ac.uk/vol1/fastq/SRR239/080/SRR23958780/SRR23958780_1.fastq.gz;ftp.sra.ebi.ac.uk/vol1/fastq/SRR239/080/SRR23958780/SRR23958780_2.fastq.gz	12da02371b5c54e028c3dd6e9dcb1a74;c7eca4fa2e6bd059a3f389b8f0302d84	1168423077;1163964264
SRR23958781	SRX19767393	ftp.sra.ebi.ac.uk/vol1/fastq/SRR239/081/SRR23958781/SRR23958781_1.fastq.gz;ftp.sra.ebi.ac.uk/vol1/fastq/SRR239/081/SRR23958781/SRR23958781_2.fastq.gz	7c556ae1835c67672bda833b0186a18b;1e335cf20ca19157b5d32a7d5b98c75a	1181509351;1176266699
SRR23994251	SRX19797819	ftp.sra.ebi.ac.uk/vol1/fastq/SRR239/051/SRR23994251/SRR23994251_1.fastq.gz;ftp.sra.ebi.ac.uk/vol1/fastq/SRR239/051/SRR23994251/SRR23994251_2.fastq.gz	fd2fd82c32bbe4cc6b995f709e24472a;3f65b6fe0c829546d4b37800f230d138	273265457;273019381
SRR23994252	SRX19797818	ftp.sra.ebi.ac.uk/vol1/fastq/SRR239/052/SRR23994252/SRR23994252_1.fastq.gz;ftp.sra.ebi.ac.uk/vol1/fastq/SRR239/052/SRR23994252/SRR23994252_2.fastq.gz	f317137954c5a8dfa591fb9930eaf5a7;6555ea06478fb1e1d420098ffb9e1cae	350981466;350892510
SRR23994258	SRX19797812	ftp.sra.ebi.ac.uk/vol1/fastq/SRR239/058/SRR23994258/SRR23994258_1.fastq.gz;ftp.sra.ebi.ac.uk/vol1/fastq/SRR239/058/SRR23994258/SRR23994258_2.fastq.gz	52da5108a9711ae99e7caf3159eb7930;fc2772197ebfea8795654169ffa9ea91	187981143;187929044
SRR23994260	SRX19797810	ftp.sra.ebi.ac.uk/vol1/fastq/SRR239/060/SRR23994260/SRR23994260_1.fastq.gz;ftp.sra.ebi.ac.uk/vol1/fastq/SRR239/060/SRR23994260/SRR23994260_2.fastq.gz	407d3f81cad61b5451e178bb7d787102;3627f6ffb8abcd5d643b3deca0152c58	378483752;378337424
SRR23994268	SRX19797805	ftp.sra.ebi.ac.uk/vol1/fastq/SRR239/068/SRR23994268/SRR23994268_1.fastq.gz;ftp.sra.ebi.ac.uk/vol1/fastq/SRR239/068/SRR23994268/SRR23994268_2.fastq.gz	823ddb9aea867fbd93a12d2f2ca18351;58543accd77edd938ac7aeeeb73f8e1a	341802545;352652555
SRR23994270	SRX19797800	ftp.sra.ebi.ac.uk/vol1/fastq/SRR239/070/SRR23994270/SRR23994270_1.fastq.gz;ftp.sra.ebi.ac.uk/vol1/fastq/SRR239/070/SRR23994270/SRR23994270_2.fastq.gz	8ac2acc5c6727519e2db17eb2840a1b1;9c573ceb53f058995831d23defa437b8	256499674;274179038
SRR23994271	SRX19797799	ftp.sra.ebi.ac.uk/vol1/fastq/SRR239/071/SRR23994271/SRR23994271_1.fastq.gz;ftp.sra.ebi.ac.uk/vol1/fastq/SRR239/071/SRR23994271/SRR23994271_2.fastq.gz	25843105edd5d969bca1636549175b78;709b2c98e90409dc48b940d7e734545a	293991213;294411970
SRR23994274	SRX19797794	ftp.sra.ebi.ac.uk/vol1/fastq/SRR239/074/SRR23994274/SRR23994274_1.fastq.gz;ftp.sra.ebi.ac.uk/vol1/fastq/SRR239/074/SRR23994274/SRR23994274_2.fastq.gz	a7a7f8829119f70ae9c493196595236d;cb017c64eb0fb48a5de177c986f1dd0f	81671539;82121474
SRR23994278	SRX19797792	ftp.sra.ebi.ac.uk/vol1/fastq/SRR239/078/SRR23994278/SRR23994278_1.fastq.gz;ftp.sra.ebi.ac.uk/vol1/fastq/SRR239/078/SRR23994278/SRR23994278_2.fastq.gz	358959d20d53b3c3f891f75a18ef9e13;46b52251f6ff077670c865e03b5df0a4	351789781;358822143
SRR23994255	SRX19797815	ftp.sra.ebi.ac.uk/vol1/fastq/SRR239/055/SRR23994255/SRR23994255_1.fastq.gz;ftp.sra.ebi.ac.uk/vol1/fastq/SRR239/055/SRR23994255/SRR23994255_2.fastq.gz	26c8c25c75ab2cd949ac408799c8cac2;2d5bacf773c5788c781e7b4562172222	564454415;563625044
SRR23994257	SRX19797813	ftp.sra.ebi.ac.uk/vol1/fastq/SRR239/057/SRR23994257/SRR23994257_1.fastq.gz;ftp.sra.ebi.ac.uk/vol1/fastq/SRR239/057/SRR23994257/SRR23994257_2.fastq.gz	10ff4888b9880fb2155634341fad028a;674d37bdf8010c0a12125f3c8d6a9252	289094425;289066124
SRR23994262	SRX19797808	ftp.sra.ebi.ac.uk/vol1/fastq/SRR239/062/SRR23994262/SRR23994262_1.fastq.gz;ftp.sra.ebi.ac.uk/vol1/fastq/SRR239/062/SRR23994262/SRR23994262_2.fastq.gz	1604fcf407e28b2109d321c62fa7e5ed;03dd6ac67b1476b67f032da291e4ed70	473238194;475958544
SRR23994263	SRX19797806	ftp.sra.ebi.ac.uk/vol1/fastq/SRR239/063/SRR23994263/SRR23994263_1.fastq.gz;ftp.sra.ebi.ac.uk/vol1/fastq/SRR239/063/SRR23994263/SRR23994263_2.fastq.gz	c3fc44250eab09eee2f2bba5427bd528;4ff596c2cfc7033fbaed1b5528b656ea	611673174;616044300
SRR23994264	SRX19797804	ftp.sra.ebi.ac.uk/vol1/fastq/SRR239/064/SRR23994264/SRR23994264_1.fastq.gz;ftp.sra.ebi.ac.uk/vol1/fastq/SRR239/064/SRR23994264/SRR23994264_2.fastq.gz	227bc83997670dfc94a96c193fa27369;dd2735498995e82408e6f8611e3eb6f4	291078844;308147245
SRR23994265	SRX19797802	ftp.sra.ebi.ac.uk/vol1/fastq/SRR239/065/SRR23994265/SRR23994265_1.fastq.gz;ftp.sra.ebi.ac.uk/vol1/fastq/SRR239/065/SRR23994265/SRR23994265_2.fastq.gz	38d1e9d612c1806492131c26474254f4;55080a979fddb06dfa31a0d9c4160bf8	331041685;343096767
SRR23994266	SRX19797801	ftp.sra.ebi.ac.uk/vol1/fastq/SRR239/066/SRR23994266/SRR23994266_1.fastq.gz;ftp.sra.ebi.ac.uk/vol1/fastq/SRR239/066/SRR23994266/SRR23994266_2.fastq.gz	d00ae041588f8ca77d4e2e6754d96d2d;cc22ddc31c3a8ee13a1b304a9a9fe0e9	332184400;346399236
SRR23994267	SRX19797803	ftp.sra.ebi.ac.uk/vol1/fastq/SRR239/067/SRR23994267/SRR23994267_1.fastq.gz;ftp.sra.ebi.ac.uk/vol1/fastq/SRR239/067/SRR23994267/SRR23994267_2.fastq.gz	9e8eeba8557ac344cd0f12bcb3a4bfef;9cb36b4f6e9205d80b97a210e32282c7	382775305;398769215
SRR23994276	SRX19797798	ftp.sra.ebi.ac.uk/vol1/fastq/SRR239/076/SRR23994276/SRR23994276_1.fastq.gz;ftp.sra.ebi.ac.uk/vol1/fastq/SRR239/076/SRR23994276/SRR23994276_2.fastq.gz	8df4564d31901ea663a3719d07479481;edcf79ad4271307ae2c6cdb36882a703	264944183;266052496
SRR23994277	SRX19797793	ftp.sra.ebi.ac.uk/vol1/fastq/SRR239/077/SRR23994277/SRR23994277_1.fastq.gz;ftp.sra.ebi.ac.uk/vol1/fastq/SRR239/077/SRR23994277/SRR23994277_2.fastq.gz	0e68556d6be2f9f14cd9ce11bf008b72;cc20584b20cbddc70961338a7033e1c9	82752919;82992927
SRR23994253	SRX19797817	ftp.sra.ebi.ac.uk/vol1/fastq/SRR239/053/SRR23994253/SRR23994253_1.fastq.gz;ftp.sra.ebi.ac.uk/vol1/fastq/SRR239/053/SRR23994253/SRR23994253_2.fastq.gz	44353038141236ad43fcde2a5336acbf;caca16214a8d526014b6490829b17967	290794830;290231688
SRR23994254	SRX19797816	ftp.sra.ebi.ac.uk/vol1/fastq/SRR239/054/SRR23994254/SRR23994254_1.fastq.gz;ftp.sra.ebi.ac.uk/vol1/fastq/SRR239/054/SRR23994254/SRR23994254_2.fastq.gz	a4def30d90d4e334de2a86dd08422384;cc21d266fd3af242d5d7a6b6c7b68005	312532850;311523887
SRR23994256	SRX19797814	ftp.sra.ebi.ac.uk/vol1/fastq/SRR239/056/SRR23994256/SRR23994256_1.fastq.gz;ftp.sra.ebi.ac.uk/vol1/fastq/SRR239/056/SRR23994256/SRR23994256_2.fastq.gz	60d4921ef9f4a04bac7847c541ab0a85;11634929985ac7c52f13784e6e20547e	274773723;274103379
SRR23994259	SRX19797811	ftp.sra.ebi.ac.uk/vol1/fastq/SRR239/059/SRR23994259/SRR23994259_1.fastq.gz;ftp.sra.ebi.ac.uk/vol1/fastq/SRR239/059/SRR23994259/SRR23994259_2.fastq.gz	63996e36244d5978b631f58a162c73d5;3c925ec6e2ce7755c4ee033e26b2ee4f	412487285;412142082
SRR23994261	SRX19797809	ftp.sra.ebi.ac.uk/vol1/fastq/SRR239/061/SRR23994261/SRR23994261_1.fastq.gz;ftp.sra.ebi.ac.uk/vol1/fastq/SRR239/061/SRR23994261/SRR23994261_2.fastq.gz	159d642f79d9486960c93bb7fd89ba3b;5c4d68521f39352960bb47f359a68049	744632768;747045386
SRR23994269	SRX19797807	ftp.sra.ebi.ac.uk/vol1/fastq/SRR239/069/SRR23994269/SRR23994269_1.fastq.gz;ftp.sra.ebi.ac.uk/vol1/fastq/SRR239/069/SRR23994269/SRR23994269_2.fastq.gz	1b16ec81edee020b0aab4a2d017f1f3e;a722fe762c9caccc46fb7592d759c186	763802819;767889644
SRR23994272	SRX19797797	ftp.sra.ebi.ac.uk/vol1/fastq/SRR239/072/SRR23994272/SRR23994272_1.fastq.gz;ftp.sra.ebi.ac.uk/vol1/fastq/SRR239/072/SRR23994272/SRR23994272_2.fastq.gz	ac889250c20f535a8236a1179c61f7fe;754b9ba9fae8979b63f39a049d63cbd2	300193599;300745474
SRR23994273	SRX19797795	ftp.sra.ebi.ac.uk/vol1/fastq/SRR239/073/SRR23994273/SRR23994273_1.fastq.gz;ftp.sra.ebi.ac.uk/vol1/fastq/SRR239/073/SRR23994273/SRR23994273_2.fastq.gz	356e43dac9233b77591c19feefd607b1;fc6fb1f0c3c7d419559a3f498e88cbd6	302701799;322075017
SRR23994275	SRX19797796	ftp.sra.ebi.ac.uk/vol1/fastq/SRR239/075/SRR23994275/SRR23994275_1.fastq.gz;ftp.sra.ebi.ac.uk/vol1/fastq/SRR239/075/SRR23994275/SRR23994275_2.fastq.gz	3cf3830daccbac00fa59e7cfb7d2e0e9;440287f46d40d71229f8d903d4794f2d	285613962;294668577
SRR24015698	SRX19818497	ftp.sra.ebi.ac.uk/vol1/fastq/SRR240/098/SRR24015698/SRR24015698.fastq.gz	6d19d1b3df2ab32e1dcc8e4cdb3b4d4b	792053410
SRR24015701	SRX19818500	ftp.sra.ebi.ac.uk/vol1/fastq/SRR240/001/SRR24015701/SRR24015701.fastq.gz	5f3eb612250f1a106019a36ba353f9da	993774847
SRR24015702	SRX19818495	ftp.sra.ebi.ac.uk/vol1/fastq/SRR240/002/SRR24015702/SRR24015702.fastq.gz	35416c173e95db6de95fe936814a9f8f	914556654
SRR24015699	SRX19818496	ftp.sra.ebi.ac.uk/vol1/fastq/SRR240/099/SRR24015699/SRR24015699.fastq.gz	cbe1cf28c7fb96236deb2b8156aaf6ae	1086324031
SRR24015700	SRX19818498	ftp.sra.ebi.ac.uk/vol1/fastq/SRR240/000/SRR24015700/SRR24015700.fastq.gz	70ae1defb9e1b8315f5f7f210297159b	956593337
SRR24015696	SRX19818501	ftp.sra.ebi.ac.uk/vol1/fastq/SRR240/096/SRR24015696/SRR24015696.fastq.gz	b90f60798c6ea62f08005497889bf8d6	901305436
SRR24015697	SRX19818499	ftp.sra.ebi.ac.uk/vol1/fastq/SRR240/097/SRR24015697/SRR24015697.fastq.gz	28725e631509dd05d56f0818806dc239	606982655
SRR24015703	SRX19818494	ftp.sra.ebi.ac.uk/vol1/fastq/SRR240/003/SRR24015703/SRR24015703.fastq.gz	1a1487c2d122bcc3bbe0228e9f6b80c5	876660923
