sample_name	gsm	srx	srr	gse	assay	genotype	timepoint	cell_subset	treatment	antibody	replicate	experiment	library_strategy	library_layout	instrument	spots	bases	title
48h_WT_Rep1	GSM7115968	SRX19766657	SRR23957995	GSE228171	atacseq	WT	48h	total			Rep1		ATAC-seq	PAIRED	Illumina NextSeq 500	4972254	745838100	WT cells, 48h activated in vitro [48h_WT_Rep1]
48h_WT_Rep2	GSM7115969	SRX19766658	SRR23957994	GSE228171	atacseq	WT	48h	total			Rep2		ATAC-seq	PAIRED	Illumina NextSeq 500	4462250	374829000	WT cells, 48h activated in vitro [48h_WT_Rep2]
D3_KO_Rep1	GSM7115972	SRX19766661	SRR23957991	GSE228171	atacseq	KO	D3	total			Rep1		ATAC-seq	PAIRED	Illumina NextSeq 500	34823259	6964651800	Arid1a KO cells, d3 [D3_KO_Rep1]
D3_KO_Rep2	GSM7115973	SRX19766662	SRR23957990	GSE228171	atacseq	KO	D3	total			Rep2		ATAC-seq	PAIRED	Illumina NextSeq 500	23879189	4775837800	Arid1a KO cells, d3 [D3_KO_Rep2]
D3_WT_Rep1	GSM7115970	SRX19766659	SRR23957993	GSE228171	atacseq	WT	D3	total			Rep1		ATAC-seq	PAIRED	Illumina NextSeq 500	18235019	3647003800	WT cells, d3 [D3_WT_Rep1]
D3_WT_Rep2	GSM7115971	SRX19766660	SRR23957992	GSE228171	atacseq	WT	D3	total			Rep2		ATAC-seq	PAIRED	Illumina NextSeq 500	12798574	2559714800	WT cells, d3 [D3_WT_Rep2]
D5_KO_Rep1	GSM7115976	SRX19766665	SRR23957987	GSE228171	atacseq	KO	D5	total			Rep1		ATAC-seq	PAIRED	Illumina NextSeq 500	47899300	9579860000	KO cells, d5 [D5_KO_Rep1]
D5_KO_Rep2	GSM7115977	SRX19766666	SRR23957986	GSE228171	atacseq	KO	D5	total			Rep2		ATAC-seq	PAIRED	Illumina NextSeq 500	34539092	6907818400	KO cells, d5 [D5_KO_Rep2]
D5_WT_Rep1	GSM7115974	SRX19766663	SRR23957989	GSE228171	atacseq	WT	D5	total			Rep1		ATAC-seq	PAIRED	Illumina NextSeq 500	34483084	6896616800	WT cells, d5 [D5_WT_Rep1]
D5_WT_Rep2	GSM7115975	SRX19766664	SRR23957988	GSE228171	atacseq	WT	D5	total			Rep2		ATAC-seq	PAIRED	Illumina NextSeq 500	34999300	6999860000	WT cells, d5 [D5_WT_Rep2]
D8_Het_EEC_Exp2_Rep1	GSM7116008	SRX19766697	SRR23957955	GSE228171	atacseq	Het	D8	EEC			Rep1	Exp2	ATAC-seq	PAIRED	Illumina NextSeq 500	15664243	1315796412	Arid1a Het EEC cells, d8 [D8_Het_EEC_Exp2_Rep1]
D8_Het_EEC_Exp2_Rep2	GSM7116009	SRX19766698	SRR23957954	GSE228171	atacseq	Het	D8	EEC			Rep2	Exp2	ATAC-seq	PAIRED	Illumina NextSeq 500	26303766	2209516344	Arid1a Het EEC cells, d8 [D8_Het_EEC_Exp2_Rep2]
D8_Het_EEC_Exp2_Rep3	GSM7116010	SRX19766699	SRR23957953	GSE228171	atacseq	Het	D8	EEC			Rep3	Exp2	ATAC-seq	PAIRED	Illumina NextSeq 500	16204585	1361185140	Arid1a Het EEC cells, d8 [D8_Het_EEC_Exp2_Rep3]
D8_Het_MP_Exp2_Rep1	GSM7116011	SRX19766700	SRR23957952	GSE228171	atacseq	Het	D8	MP			Rep1	Exp2	ATAC-seq	PAIRED	Illumina NextSeq 500	16697975	1402629900	Arid1a Het MP cells, d8 [D8_Het_MP_Exp2_Rep1]
D8_Het_MP_Exp2_Rep2	GSM7116012	SRX19766701	SRR23957951	GSE228171	atacseq	Het	D8	MP			Rep2	Exp2	ATAC-seq	PAIRED	Illumina NextSeq 500	14097817	1184216628	Arid1a Het MP cells, d8 [D8_Het_MP_Exp2_Rep2]
D8_Het_MP_Exp2_Rep3	GSM7116013	SRX19766702	SRR23957950	GSE228171	atacseq	Het	D8	MP			Rep3	Exp2	ATAC-seq	PAIRED	Illumina NextSeq 500	13781937	1157682708	Arid1a Het MP cells, d8 [D8_Het_MP_Exp2_Rep3]
D8_Het_TE_Exp2_Rep1	GSM7116005	SRX19766694	SRR23957958	GSE228171	atacseq	Het	D8	TE			Rep1	Exp2	ATAC-seq	PAIRED	Illumina NextSeq 500	12391836	1040914224	Arid1a Het TE cells, d8 [D8_Het_TE_Exp2_Rep1]
D8_Het_TE_Exp2_Rep2	GSM7116006	SRX19766695	SRR23957957	GSE228171	atacseq	Het	D8	TE			Rep2	Exp2	ATAC-seq	PAIRED	Illumina NextSeq 500	15955535	1340264940	Arid1a Het TE cells, d8 [D8_Het_TE_Exp2_Rep2]
D8_Het_TE_Exp2_Rep3	GSM7116007	SRX19766696	SRR23957956	GSE228171	atacseq	Het	D8	TE			Rep3	Exp2	ATAC-seq	PAIRED	Illumina NextSeq 500	17012163	1429021692	Arid1a Het TE cells, d8 [D8_Het_TE_Exp2_Rep3]
D8_KO_EEC_Exp1_Rep1	GSM7115992	SRX19766681	SRR23957971	GSE228171	atacseq	KO	D8	EEC			Rep1	Exp1	ATAC-seq	PAIRED	Illumina NextSeq 500	24017035	4803407000	Arid1a KO EEC cells, d8 [D8_KO_EEC_Exp1_Rep1]
D8_KO_EEC_Exp2_Rep1	GSM7116016	SRX19766705	SRR23957947	GSE228171	atacseq	KO	D8	EEC			Rep1	Exp2	ATAC-seq	PAIRED	Illumina NextSeq 500	13504320	1134362880	Arid1a KO EEC cells, d8 [D8_KO_EEC_Exp2_Rep1]
D8_KO_EEC_Exp1_Rep2	GSM7115993	SRX19766682	SRR23957970	GSE228171	atacseq	KO	D8	EEC			Rep2	Exp1	ATAC-seq	PAIRED	Illumina NextSeq 500	18702171	3740434200	Arid1a KO EEC cells, d8 [D8_KO_EEC_Exp1_Rep2]
D8_KO_EEC_Exp2_Rep2	GSM7116017	SRX19766706	SRR23957946	GSE228171	atacseq	KO	D8	EEC			Rep2	Exp2	ATAC-seq	PAIRED	Illumina NextSeq 500	16250154	1365012936	Arid1a KO EEC cells, d8 [D8_KO_EEC_Exp2_Rep2]
D8_KO_MP_Exp1_Rep1	GSM7115994	SRX19766683	SRR23957969	GSE228171	atacseq	KO	D8	MP			Rep1	Exp1	ATAC-seq	PAIRED	Illumina NextSeq 500	20597672	4119534400	Arid1a KO MP cells, d8 [D8_KO_MP_Exp1_Rep1]
D8_KO_MP_Exp2_Rep1	GSM7116018	SRX19766707	SRR23957945	GSE228171	atacseq	KO	D8	MP			Rep1	Exp2	ATAC-seq	PAIRED	Illumina NextSeq 500	15165361	1273890324	Arid1a KO MP cells, d8 [D8_KO_MP_Exp2_Rep1]
D8_KO_MP_Exp1_Rep2	GSM7115995	SRX19766684	SRR23957968	GSE228171	atacseq	KO	D8	MP			Rep2	Exp1	ATAC-seq	PAIRED	Illumina NextSeq 500	25853681	5170736200	Arid1a KO MP cells, d8 [D8_KO_MP_Exp1_Rep2]
D8_KO_MP_Exp2_Rep2	GSM7116019	SRX19766708	SRR23957944	GSE228171	atacseq	KO	D8	MP			Rep2	Exp2	ATAC-seq	PAIRED	Illumina NextSeq 500	13462251	1130829084	Arid1a KO MP cells, d8 [D8_KO_MP_Exp2_Rep2]
D8_KO_TE_Exp1_Rep1	GSM7115990	SRX19766679	SRR23957973	GSE228171	atacseq	KO	D8	TE			Rep1	Exp1	ATAC-seq	PAIRED	Illumina NextSeq 500	30182155	6036431000	Arid1a KO TE cells, d8 [D8_KO_TE_Exp1_Rep1]
D8_KO_TE_Exp2_Rep1	GSM7116014	SRX19766703	SRR23957949	GSE228171	atacseq	KO	D8	TE			Rep1	Exp2	ATAC-seq	PAIRED	Illumina NextSeq 500	12189604	1023926736	Arid1a KO TE cells, d8 [D8_KO_TE_Exp2_Rep1]
D8_KO_TE_Exp1_Rep2	GSM7115991	SRX19766680	SRR23957972	GSE228171	atacseq	KO	D8	TE			Rep2	Exp1	ATAC-seq	PAIRED	Illumina NextSeq 500	19432477	3886495400	Arid1a KO TE cells, d8 [D8_KO_TE_Exp1_Rep2]
D8_KO_TE_Exp2_Rep2	GSM7116015	SRX19766704	SRR23957948	GSE228171	atacseq	KO	D8	TE			Rep2	Exp2	ATAC-seq	PAIRED	Illumina NextSeq 500	12693037	1066215108	Arid1a KO TE cells, d8 [D8_KO_TE_Exp2_Rep2]
D8_TbetKO_EEC_Exp1_Rep1	GSM7115986	SRX19766675	SRR23957977	GSE228171	atacseq	TbetKO	D8	EEC			Rep1	Exp1	ATAC-seq	PAIRED	Illumina NextSeq 500	29536536	5907307200	Tbet KO EEC cells, d8 [D8_TbetKO_EEC_Exp1_Rep1]
D8_TbetKO_EEC_Exp1_Rep2	GSM7115987	SRX19766676	SRR23957976	GSE228171	atacseq	TbetKO	D8	EEC			Rep2	Exp1	ATAC-seq	PAIRED	Illumina NextSeq 500	20488188	4097637600	Tbet KO EEC cells, d8 [D8_TbetKO_EEC_Exp1_Rep2]
D8_TbetKO_MP_Exp1_Rep1	GSM7115988	SRX19766677	SRR23957975	GSE228171	atacseq	TbetKO	D8	MP			Rep1	Exp1	ATAC-seq	PAIRED	Illumina NextSeq 500	16476900	3295380000	Tbet KO MP cells, d8 [D8_TbetKO_MP_Exp1_Rep1]
D8_TbetKO_MP_Exp1_Rep2	GSM7115989	SRX19766678	SRR23957974	GSE228171	atacseq	TbetKO	D8	MP			Rep2	Exp1	ATAC-seq	PAIRED	Illumina NextSeq 500	22717991	4543598200	Tbet KO MP cells, d8 [D8_TbetKO_MP_Exp1_Rep2]
D8_TbetKO_TE_Exp1_Rep1	GSM7115984	SRX19766673	SRR23957979	GSE228171	atacseq	TbetKO	D8	TE			Rep1	Exp1	ATAC-seq	PAIRED	Illumina NextSeq 500	11741540	2348308000	Tbet KO TE cells, d8 [D8_TbetKO_TE_Exp1_Rep1]
D8_TbetKO_TE_Exp1_Rep2	GSM7115985	SRX19766674	SRR23957978	GSE228171	atacseq	TbetKO	D8	TE			Rep2	Exp1	ATAC-seq	PAIRED	Illumina NextSeq 500	14509681	2901936200	Tbet KO TE cells, d8 [D8_TbetKO_TE_Exp1_Rep2]
D8_WT_EEC_Exp1_Rep1	GSM7115980	SRX19766669	SRR23957983	GSE228171	atacseq	WT	D8	EEC			Rep1	Exp1	ATAC-seq	PAIRED	Illumina NextSeq 500	21203860	4240772000	WT EEC cells, d8 [D8_WT_EEC_Exp1_Rep1]
D8_WT_EEC_Exp2_Rep1	GSM7115999	SRX19766688	SRR23957964	GSE228171	atacseq	WT	D8	EEC			Rep1	Exp2	ATAC-seq	PAIRED	Illumina NextSeq 500	11133108	935181072	WT EEC cells, d8 [D8_WT_EEC_Exp2_Rep1]
D8_WT_EEC_Exp1_Rep2	GSM7115981	SRX19766670	SRR23957982	GSE228171	atacseq	WT	D8	EEC			Rep2	Exp1	ATAC-seq	PAIRED	Illumina NextSeq 500	12580367	2516073400	WT EEC cells, d8 [D8_WT_EEC_Exp1_Rep2]
D8_WT_EEC_Exp2_Rep2	GSM7116000	SRX19766689	SRR23957963	GSE228171	atacseq	WT	D8	EEC			Rep2	Exp2	ATAC-seq	PAIRED	Illumina NextSeq 500	13910169	1168454196	WT EEC cells, d8 [D8_WT_EEC_Exp2_Rep2]
D8_WT_EEC_Exp2_Rep3	GSM7116001	SRX19766690	SRR23957962	GSE228171	atacseq	WT	D8	EEC			Rep3	Exp2	ATAC-seq	PAIRED	Illumina NextSeq 500	16162293	1357632612	WT EEC cells, d8 [D8_WT_EEC_Exp2_Rep3]
D8_WT_MP_Exp1_Rep1	GSM7115982	SRX19766671	SRR23957981	GSE228171	atacseq	WT	D8	MP			Rep1	Exp1	ATAC-seq	PAIRED	Illumina NextSeq 500	13782727	2756545400	WT MP cells, d8 [D8_WT_MP_Exp1_Rep1]
D8_WT_MP_Exp2_Rep1	GSM7116002	SRX19766691	SRR23957961	GSE228171	atacseq	WT	D8	MP			Rep1	Exp2	ATAC-seq	PAIRED	Illumina NextSeq 500	19275600	1619150400	WT MP cells, d8 [D8_WT_MP_Exp2_Rep1]
D8_WT_MP_Exp1_Rep2	GSM7115983	SRX19766672	SRR23957980	GSE228171	atacseq	WT	D8	MP			Rep2	Exp1	ATAC-seq	PAIRED	Illumina NextSeq 500	18565519	3713103800	WT MP cells, d8 [D8_WT_MP_Exp1_Rep2]
D8_WT_MP_Exp2_Rep2	GSM7116003	SRX19766692	SRR23957960	GSE228171	atacseq	WT	D8	MP			Rep2	Exp2	ATAC-seq	PAIRED	Illumina NextSeq 500	18818185	1580727540	WT MP cells, d8 [D8_WT_MP_Exp2_Rep2]
D8_WT_MP_Exp2_Rep3	GSM7116004	SRX19766693	SRR23957959	GSE228171	atacseq	WT	D8	MP			Rep3	Exp2	ATAC-seq	PAIRED	Illumina NextSeq 500	14153155	1188865020	WT MP cells, d8 [D8_WT_MP_Exp2_Rep3]
D8_WT_TE_Exp1_Rep1	GSM7115978	SRX19766667	SRR23957985	GSE228171	atacseq	WT	D8	TE			Rep1	Exp1	ATAC-seq	PAIRED	Illumina NextSeq 500	16995162	3399032400	WT TE cells, d8 [D8_WT_TE_Exp1_Rep1]
D8_WT_TE_Exp2_Rep1	GSM7115996	SRX19766685	SRR23957967	GSE228171	atacseq	WT	D8	TE			Rep1	Exp2	ATAC-seq	PAIRED	Illumina NextSeq 500	13682396	1149321264	WT TE cells, d8 [D8_WT_TE_Exp2_Rep1]
D8_WT_TE_Exp1_Rep2	GSM7115979	SRX19766668	SRR23957984	GSE228171	atacseq	WT	D8	TE			Rep2	Exp1	ATAC-seq	PAIRED	Illumina NextSeq 500	21393035	4278607000	WT TE cells, d8 [D8_WT_TE_Exp1_Rep2]
D8_WT_TE_Exp2_Rep2	GSM7115997	SRX19766686	SRR23957966	GSE228171	atacseq	WT	D8	TE			Rep2	Exp2	ATAC-seq	PAIRED	Illumina NextSeq 500	14608294	1227096696	WT TE cells, d8 [D8_WT_TE_Exp2_Rep2]
D8_WT_TE_Exp2_Rep3	GSM7115998	SRX19766687	SRR23957965	GSE228171	atacseq	WT	D8	TE			Rep3	Exp2	ATAC-seq	PAIRED	Illumina NextSeq 500	15140611	1271811324	WT TE cells, d8 [D8_WT_TE_Exp2_Rep3]
Naive_WT_Rep1	GSM7115966	SRX19766655	SRR23957997	GSE228171	atacseq	WT	Naive	total			Rep1		ATAC-seq	PAIRED	Illumina NextSeq 500	29763877	2500165668	WT cells, Naive [Naive_WT_Rep1]
Naive_WT_Rep2	GSM7115967	SRX19766656	SRR23957996	GSE228171	atacseq	WT	Naive	total			Rep2		ATAC-seq	PAIRED	Illumina NextSeq 500	36225416	3042934944	WT cells, Naive [Naive_WT_Rep2]
ATAC_Untreated_Rep1	GSM7116304	SRX19767392	SRR23958782	GSE228193	atacseq_inhibitors	WT	48h	total	Untreated		Rep1		ATAC-seq	PAIRED	Illumina NextSeq 500	43767270	8753454000	WT cells, 48h activated in vitro; Untreated [Control_Rep1]
ATAC_IL-12_Rep1	GSM7116306	SRX19767394	SRR23958780	GSE228193	atacseq_inhibitors	WT	48h	total	IL-12		Rep1		ATAC-seq	PAIRED	Illumina NextSeq 500	37934166	7586833200	WT cells, 48h activated in vitro; IL-12 [IL-12_Rep1]
ATAC_IL-12_ACBI1_Rep1	GSM7116308	SRX19767396	SRR23958778	GSE228193	atacseq_inhibitors	WT	48h	total	IL-12 + ACBI1		Rep1		ATAC-seq	PAIRED	Illumina NextSeq 500	42094523	8418904600	WT cells, 48h activated in vitro; IL-12 + ACBI1 [IL-12 + ACBI1_Rep1]
ATAC_IL-12_BRM014_Rep1	GSM7116310	SRX19767398	SRR23958776	GSE228193	atacseq_inhibitors	WT	48h	total	IL-12 + BRM014		Rep1		ATAC-seq	PAIRED	Illumina NextSeq 500	37107074	7421414800	WT cells, 48h activated in vitro; IL-12 + BRM014 [IL-12 + BRM014_Rep1]
ATAC_Untreated_Rep2	GSM7116305	SRX19767393	SRR23958781	GSE228193	atacseq_inhibitors	WT	48h	total	Untreated		Rep2		ATAC-seq	PAIRED	Illumina NextSeq 500	36434260	7286852000	WT cells, 48h activated in vitro; Untreated [Control_Rep2]
ATAC_IL-12_Rep2	GSM7116307	SRX19767395	SRR23958779	GSE228193	atacseq_inhibitors	WT	48h	total	IL-12		Rep2		ATAC-seq	PAIRED	Illumina NextSeq 500	37037718	7407543600	WT cells, 48h activated in vitro; IL-12 [IL-12_Rep2]
ATAC_IL-12_ACBI1_Rep2	GSM7116309	SRX19767397	SRR23958777	GSE228193	atacseq_inhibitors	WT	48h	total	IL-12 + ACBI1		Rep2		ATAC-seq	PAIRED	Illumina NextSeq 500	43375710	8675142000	WT cells, 48h activated in vitro; IL-12 + ACBI1 [IL-12 + ACBI1_Rep2]
ATAC_IL-12_BRM014_Rep2	GSM7116311	SRX19767399	SRR23958775	GSE228193	atacseq_inhibitors	WT	48h	total	IL-12 + BRM014		Rep2		ATAC-seq	PAIRED	Illumina NextSeq 500	38859827	7771965400	WT cells, 48h activated in vitro; IL-12 + BRM014 [IL-12 + BRM014_Rep2]
ChIP_Untreated_T-bet	GSM7123802	SRX19818494	SRR24015703	GSE228546	chipseq	WT	48h	total	Untreated	T-bet	Rep1		ChIP-Seq	SINGLE	NextSeq 2000	21782385	2178238500	WT cells, 48h activated in vitro; Untreated, ChIP
ChIP_IL-12_T-bet	GSM7123803	SRX19818495	SRR24015702	GSE228546	chipseq	WT	48h	total	IL-12	T-bet	Rep1		ChIP-Seq	SINGLE	NextSeq 2000	22586874	2258687400	WT cells, 48h activated in vitro; IL-12, ChIP
ChIP_IL-12_ACBI1_T-bet	GSM7123804	SRX19818496	SRR24015699	GSE228546	chipseq	WT	48h	total	IL-12 + ACBI1	T-bet	Rep1		ChIP-Seq	SINGLE	NextSeq 2000	27185234	2718523400	WT cells, 48h activated in vitro; IL-12 + ACBI1, ChIP
ChIP_IL-12_BRM014_T-bet	GSM7123805	SRX19818497	SRR24015698	GSE228546	chipseq	WT	48h	total	IL-12 + BRM014	T-bet	Rep1		ChIP-Seq	SINGLE	NextSeq 2000	19616716	1961671600	WT cells, 48h activated in vitro; IL-12 + BRM014, ChIP
ChIP_Untreated_Input	GSM7123806	SRX19818498	SRR24015700	GSE228546	chipseq	WT	48h	total	Untreated	none	Rep1		ChIP-Seq	SINGLE	NextSeq 2000	23973887	2397388700	WT cells, 48h activated in vitro; Untreated, Input
ChIP_IL-12_Input	GSM7123807	SRX19818499	SRR24015697	GSE228546	chipseq	WT	48h	total	IL-12	none	Rep1		ChIP-Seq	SINGLE	NextSeq 2000	15590055	1559005500	WT cells, 48h activated in vitro; IL-12, Input
ChIP_IL-12_ACBI1_Input	GSM7123808	SRX19818500	SRR24015701	GSE228546	chipseq	WT	48h	total	IL-12 + ACBI1	none	Rep1		ChIP-Seq	SINGLE	NextSeq 2000	25028529	2502852900	WT cells, 48h activated in vitro; IL-12 + ACBI1, Input
ChIP_IL-12_BRM014_Input	GSM7123809	SRX19818501	SRR24015696	GSE228546	chipseq	WT	48h	total	IL-12 + BRM014	none	Rep1		ChIP-Seq	SINGLE	NextSeq 2000	22763304	2276330400	WT cells, 48h activated in vitro; IL-12 + BRM014, Input
48h_WT_ARID1A_Rep1	GSM7119930	SRX19797793	SRR23994277	GSE228380	cutandrun	WT	48h	total		ARID1A	Rep1		OTHER	PAIRED	Illumina NextSeq 500	4114833	345645972	WT cells, 48h activated in vitro ARID1A C&R _Rep1
48h_WT_ARID1A_Rep2	GSM7119931	SRX19797794	SRR23994274	GSE228380	cutandrun	WT	48h	total		ARID1A	Rep2		OTHER	PAIRED	Illumina NextSeq 500	4064406	341410104	WT cells, 48h activated in vitro ARID1A C&R _Rep2
D5_KO_ARID1A_Rep1	GSM7119933	SRX19797796	SRR23994275	GSE228380	cutandrun	KO	D5	total		ARID1A	Rep1		OTHER	PAIRED	Illumina NextSeq 500	8705674	1741134800	Arid1a KO cells, d5 ARID1A C&R
D5_KO_IgG_Rep1	GSM7119938	SRX19797801	SRR23994266	GSE228380	cutandrun	KO	D5	total		IgG	Rep1		OTHER	PAIRED	Illumina NextSeq 500	10220159	2044031800	KO cells, d5 IgG C&R
D5_KO_BATF_Rep1	GSM7119940	SRX19797803	SRR23994267	GSE228380	cutandrun	KO	D5	total		BATF	Rep1		OTHER	PAIRED	Illumina NextSeq 500	11648509	2329701800	Arid1a KO cells, d5 BATF C&R
D5_KO_ETS1_Rep1	GSM7119942	SRX19797805	SRR23994268	GSE228380	cutandrun	KO	D5	total		ETS1	Rep1		OTHER	PAIRED	Illumina NextSeq 500	10705554	2141110800	Arid1a KO cells, d5 ETS1 C&R
D5_KO_Tbet_Rep1	GSM7119944	SRX19797807	SRR23994269	GSE228380	cutandrun	KO	D5	total		Tbet	Rep1		OTHER	PAIRED	Illumina NextSeq 500	18668506	3771038212	Arid1a KO cells, d5 Tbet C&R
D5_KO_Tbet_Tbet-OE_Rep1	GSM7119946	SRX19797809	SRR23994261	GSE228380	cutandrun	KO	D5	total	Tbet-OE	Tbet	Rep1		OTHER	PAIRED	Illumina NextSeq 500	18155857	3667483114	Arid1a KO cells, Tbet-OE, d5 Tbet C&R
D5_KO_H3K27ac_Rep1	GSM7119950	SRX19797813	SRR23994257	GSE228380	cutandrun	KO	D5	total		H3K27ac	Rep1		OTHER	PAIRED	Illumina NextSeq 500	8208156	1231223400	Arid1a KO cells, d5 H3K27ac C&R
D5_TbetKO_ARID1A_Rep1	GSM7119948	SRX19797811	SRR23994259	GSE228380	cutandrun	TbetKO	D5	total		ARID1A	Rep1		OTHER	PAIRED	Illumina NextSeq 500	15666996	1598033592	Tbet KO cells, d5 ARID1A C&R
D5_WT_IgG_Rep1	GSM7119937	SRX19797800	SRR23994270	GSE228380	cutandrun	WT	D5	total		IgG	Rep1		OTHER	PAIRED	Illumina NextSeq 500	8996131	1799226200	WT cells, d5 IgG C&R
D5_WT_BATF_Rep1	GSM7119939	SRX19797802	SRR23994265	GSE228380	cutandrun	WT	D5	total		BATF	Rep1		OTHER	PAIRED	Illumina NextSeq 500	10635346	2127069200	WT cells, d5 BATF C&R
D5_WT_ETS1_Rep1	GSM7119941	SRX19797804	SRR23994264	GSE228380	cutandrun	WT	D5	total		ETS1	Rep1		OTHER	PAIRED	Illumina NextSeq 500	9721288	1944257600	WT cells, d5 ETS1 C&R
D5_WT_Tbet_Rep1	GSM7119943	SRX19797806	SRR23994263	GSE228380	cutandrun	WT	D5	total		Tbet	Rep1		OTHER	PAIRED	Illumina NextSeq 500	15020312	3034103024	WT cells, d5 Tbet C&R
D5_WT_Tbet_Tbet-OE_Rep1	GSM7119945	SRX19797808	SRR23994262	GSE228380	cutandrun	WT	D5	total	Tbet-OE	Tbet	Rep1		OTHER	PAIRED	Illumina NextSeq 500	11767397	2377014194	WT cells, Tbet-OE, d5 Tbet C&R
D5_WT_ARID1A_Rep1	GSM7119947	SRX19797810	SRR23994260	GSE228380	cutandrun	WT	D5	total		ARID1A	Rep1		OTHER	PAIRED	Illumina NextSeq 500	14299013	1458499326	WT cells, d5 ARID1A C&R Rep1
D5_WT_H3K27ac_Rep1	GSM7119949	SRX19797812	SRR23994258	GSE228380	cutandrun	WT	D5	total		H3K27ac	Rep1		OTHER	PAIRED	Illumina NextSeq 500	5308086	796212900	WT cells, d5 H3K27ac C&R
D5_WT_ARID1A_Rep2	GSM7119932	SRX19797795	SRR23994273	GSE228380	cutandrun	WT	D5	total		ARID1A	Rep2		OTHER	PAIRED	Illumina NextSeq 500	10130733	2026146600	WT cells, d5 ARID1A C&R _Rep2
D8_WT_ARID1A_EEC_Rep1	GSM7119935	SRX19797798	SRR23994276	GSE228380	cutandrun	WT	D8	EEC		ARID1A	Rep1		OTHER	PAIRED	Illumina NextSeq 500	8986454	1347968100	WT EEC cells, d8 ARID1A C&R
D8_WT_H3K27me3_EEC_Rep1	GSM7119952	SRX19797815	SRR23994255	GSE228380	cutandrun	WT	D8	EEC		H3K27me3	Rep1		OTHER	PAIRED	Illumina NextSeq 500	15129038	3025807600	WT EEC cells, d8 H3K27me3 C&R
D8_WT_H3K27ac_EEC_Rep1	GSM7119955	SRX19797818	SRR23994252	GSE228380	cutandrun	WT	D8	EEC		H3K27ac	Rep1		OTHER	PAIRED	Illumina NextSeq 500	9476023	1895204600	WT EEC cells, d8 H3K27ac C&R
D8_WT_ARID1A_MP_Rep1	GSM7119936	SRX19797799	SRR23994271	GSE228380	cutandrun	WT	D8	MP		ARID1A	Rep1		OTHER	PAIRED	Illumina NextSeq 500	9814893	1472233950	WT MP cells, d8 ARID1A C&R
D8_WT_H3K27me3_MP_Rep1	GSM7119953	SRX19797816	SRR23994254	GSE228380	cutandrun	WT	D8	MP		H3K27me3	Rep1		OTHER	PAIRED	Illumina NextSeq 500	8462679	1692535800	WT MP cells, d8 H3K27me3 C&R
D8_WT_H3K27ac_MP_Rep1	GSM7119956	SRX19797819	SRR23994251	GSE228380	cutandrun	WT	D8	MP		H3K27ac	Rep1		OTHER	PAIRED	Illumina NextSeq 500	7434214	1486842800	WT MP cells, d8 H3K27ac C&R
D8_WT_ARID1A_TE_Rep1	GSM7119934	SRX19797797	SRR23994272	GSE228380	cutandrun	WT	D8	TE		ARID1A	Rep1		OTHER	PAIRED	Illumina NextSeq 500	10058528	1508779200	WT TE cells, d8 ARID1A C&R
D8_WT_H3K27me3_TE_Rep1	GSM7119951	SRX19797814	SRR23994256	GSE228380	cutandrun	WT	D8	TE		H3K27me3	Rep1		OTHER	PAIRED	Illumina NextSeq 500	7468289	1493657800	WT TE cells, d8 H3K27me3 C&R
D8_WT_H3K27ac_TE_Rep1	GSM7119954	SRX19797817	SRR23994253	GSE228380	cutandrun	WT	D8	TE		H3K27ac	Rep1		OTHER	PAIRED	Illumina NextSeq 500	7915696	1583139200	WT TE cells, d8 H3K27ac C&R
Naive_WT_ARID1A_Rep1	GSM7119929	SRX19797792	SRR23994278	GSE228380	cutandrun	WT	Naive	total		ARID1A	Rep1		OTHER	PAIRED	Illumina NextSeq 500	10328290	2065658000	WT cells, Naive ARID1A C&R
D3_KO_Rep1	GSM7104373	SRX19713251	SRR23901533	GSE227634	rnaseq	KO	D3	total			Rep1		RNA-Seq	SINGLE	Illumina NextSeq 500	27210002	2748210202	D3_KO_Rep1
D3_KO_Rep2	GSM7104374	SRX19713252	SRR23901532	GSE227634	rnaseq	KO	D3	total			Rep2		RNA-Seq	SINGLE	Illumina NextSeq 500	30906542	3121560742	D3_KO_Rep2
D3_KO_Rep3	GSM7104375	SRX19713253	SRR23901531	GSE227634	rnaseq	KO	D3	total			Rep3		RNA-Seq	SINGLE	Illumina NextSeq 500	26635021	2690137121	D3_KO_Rep3
D3_WT_Rep1	GSM7104371	SRX19713249	SRR23901535	GSE227634	rnaseq	WT	D3	total			Rep1		RNA-Seq	SINGLE	Illumina NextSeq 500	27877539	2815631439	D3_WT_Rep1
D3_WT_Rep2	GSM7104372	SRX19713250	SRR23901534	GSE227634	rnaseq	WT	D3	total			Rep2		RNA-Seq	SINGLE	Illumina NextSeq 500	26514607	2677975307	D3_WT_Rep2
D5_WT_Rep1	GSM7104376	SRX19713254	SRR23901530	GSE227634	rnaseq	WT	D5	total			Rep1		RNA-Seq	SINGLE	Illumina NextSeq 500	59048204	3011458404	D5_WT_Rep1
D5_WT_Rep2	GSM7104377	SRX19713255	SRR23901529	GSE227634	rnaseq	WT	D5	total			Rep2		RNA-Seq	SINGLE	Illumina NextSeq 500	48287078	2462640978	D5_WT_Rep2
D5_WT_Rep3	GSM7104378	SRX19713256	SRR23901528	GSE227634	rnaseq	WT	D5	total			Rep3		RNA-Seq	SINGLE	Illumina NextSeq 500	51348720	2618784720	D5_WT_Rep3
D8_Het_EEC_Rep1	GSM7104388	SRX19713266	SRR23901518	GSE227634	rnaseq	Het	D8	EEC			Rep1		RNA-Seq	SINGLE	Illumina NextSeq 500	18939224	965900424	D8_Het_EEC_Rep1
D8_Het_EEC_Rep2	GSM7104389	SRX19713267	SRR23901517	GSE227634	rnaseq	Het	D8	EEC			Rep2		RNA-Seq	SINGLE	Illumina NextSeq 500	20692092	1055296692	D8_Het_EEC_Rep2
D8_Het_EEC_Rep3	GSM7104390	SRX19713268	SRR23901516	GSE227634	rnaseq	Het	D8	EEC			Rep3		RNA-Seq	SINGLE	Illumina NextSeq 500	21074983	1074824133	D8_Het_EEC_Rep3
D8_Het_MP_Rep1	GSM7104391	SRX19713269	SRR23901515	GSE227634	rnaseq	Het	D8	MP			Rep1		RNA-Seq	SINGLE	Illumina NextSeq 500	16065210	819325710	D8_Het_MP_Rep1
D8_Het_MP_Rep2	GSM7104392	SRX19713270	SRR23901514	GSE227634	rnaseq	Het	D8	MP			Rep2		RNA-Seq	SINGLE	Illumina NextSeq 500	18278169	932186619	D8_Het_MP_Rep2
D8_Het_MP_Rep3	GSM7104393	SRX19713271	SRR23901513	GSE227634	rnaseq	Het	D8	MP			Rep3		RNA-Seq	SINGLE	Illumina NextSeq 500	18177812	927068412	D8_Het_MP_Rep3
D8_Het_TE_Rep1	GSM7104385	SRX19713263	SRR23901521	GSE227634	rnaseq	Het	D8	TE			Rep1		RNA-Seq	SINGLE	Illumina NextSeq 500	17296965	882145215	D8_Het_TE_Rep1
D8_Het_TE_Rep2	GSM7104386	SRX19713264	SRR23901520	GSE227634	rnaseq	Het	D8	TE			Rep2		RNA-Seq	SINGLE	Illumina NextSeq 500	12506612	637837212	D8_Het_TE_Rep2
D8_Het_TE_Rep3	GSM7104387	SRX19713265	SRR23901519	GSE227634	rnaseq	Het	D8	TE			Rep3		RNA-Seq	SINGLE	Illumina NextSeq 500	16678679	850612629	D8_Het_TE_Rep3
D8_KO_EEC_Rep1	GSM7104396	SRX19713274	SRR23901510	GSE227634	rnaseq	KO	D8	EEC			Rep1		RNA-Seq	SINGLE	Illumina NextSeq 500	18168627	926599977	D8_KO_EEC_Rep1
D8_KO_EEC_Rep2	GSM7104397	SRX19713275	SRR23901509	GSE227634	rnaseq	KO	D8	EEC			Rep2		RNA-Seq	SINGLE	Illumina NextSeq 500	18730651	955263201	D8_KO_EEC_Rep2
D8_KO_EEC_Rep3	GSM7104398	SRX19713276	SRR23901508	GSE227634	rnaseq	KO	D8	EEC			Rep3		RNA-Seq	SINGLE	Illumina NextSeq 500	16647587	849026937	D8_KO_EEC_Rep3
D8_KO_MP_Rep1	GSM7104399	SRX19713277	SRR23901507	GSE227634	rnaseq	KO	D8	MP			Rep1		RNA-Seq	SINGLE	Illumina NextSeq 500	19097567	973975917	D8_KO_MP_Rep1
D8_KO_MP_Rep2	GSM7104400	SRX19713278	SRR23901506	GSE227634	rnaseq	KO	D8	MP			Rep2		RNA-Seq	SINGLE	Illumina NextSeq 500	12215939	623012889	D8_KO_MP_Rep2
D8_KO_TE_Rep1	GSM7104394	SRX19713272	SRR23901512	GSE227634	rnaseq	KO	D8	TE			Rep1		RNA-Seq	SINGLE	Illumina NextSeq 500	15239201	777199251	D8_KO_TE_Rep1
D8_KO_TE_Rep2	GSM7104395	SRX19713273	SRR23901511	GSE227634	rnaseq	KO	D8	TE			Rep2		RNA-Seq	SINGLE	Illumina NextSeq 500	14178290	723092790	D8_KO_TE_Rep2
D8_WT_EEC_Rep1	GSM7104381	SRX19713259	SRR23901525	GSE227634	rnaseq	WT	D8	EEC			Rep1		RNA-Seq	SINGLE	Illumina NextSeq 500	18585275	947849025	D8_WT_EEC_Rep1
D8_WT_EEC_Rep2	GSM7104382	SRX19713260	SRR23901524	GSE227634	rnaseq	WT	D8	EEC			Rep2		RNA-Seq	SINGLE	Illumina NextSeq 500	19584705	998819955	D8_WT_EEC_Rep2
D8_WT_MP_Rep1	GSM7104383	SRX19713261	SRR23901523	GSE227634	rnaseq	WT	D8	MP			Rep1		RNA-Seq	SINGLE	Illumina NextSeq 500	14928049	761330499	D8_WT_MP_Rep1
D8_WT_MP_Rep2	GSM7104384	SRX19713262	SRR23901522	GSE227634	rnaseq	WT	D8	MP			Rep2		RNA-Seq	SINGLE	Illumina NextSeq 500	15846843	808188993	D8_WT_MP_Rep2
D8_WT_TE_Rep1	GSM7104379	SRX19713257	SRR23901527	GSE227634	rnaseq	WT	D8	TE			Rep1		RNA-Seq	SINGLE	Illumina NextSeq 500	18176060	926979060	D8_WT_TE_Rep1
D8_WT_TE_Rep2	GSM7104380	SRX19713258	SRR23901526	GSE227634	rnaseq	WT	D8	TE			Rep2		RNA-Seq	SINGLE	Illumina NextSeq 500	13710616	699241416	D8_WT_TE_Rep2
