Run,ReleaseDate,LoadDate,spots,bases,spots_with_mates,avgLength,size_MB,AssemblyName,download_path,Experiment,LibraryName,LibraryStrategy,LibrarySelection,LibrarySource,LibraryLayout,InsertSize,InsertDev,Platform,Model,SRAStudy,BioProject,Study_Pubmed_id,ProjectID,Sample,BioSample,SampleType,TaxID,ScientificName,SampleName,g1k_pop_code,source,g1k_analysis_group,Subject_ID,Sex,Disease,Tumor,Affection_Status,Analyte_Type,Histological_Type,Body_Site,CenterName,Submission,dbgap_study_accession,Consent,RunHash,ReadHash
SRR23901535,2023-06-13 00:47:08,2023-03-17 21:29:42,27877539,2815631439,0,101,816,,https://sra-downloadb.be-md.ncbi.nlm.nih.gov/sos8/sra-pub-zq-820/SRR023/23901/SRR23901535/SRR23901535.lite.1,SRX19713249,GSM7104371,RNA-Seq,cDNA,TRANSCRIPTOMIC,SINGLE,0,0,ILLUMINA,NextSeq 500,SRP427955,PRJNA945945,3,945945,SRS17081635,SAMN33800064,simple,10090,Mus musculus,GSM7104371,,,,,,,no,,,,,SALK INSTITUTE FOR BIOLOGICAL STUDIES,SRA1606389,,public,8DC2C08BD0A04DFF1C81F489689BCF2F,0F73516B71C7770CD141F3E9F25A8FE5
SRR23901534,2023-06-13 00:47:08,2023-03-17 21:33:46,26514607,2677975307,0,101,776,,https://sra-downloadb.be-md.ncbi.nlm.nih.gov/sos8/sra-pub-zq-820/SRR023/23901/SRR23901534/SRR23901534.lite.1,SRX19713250,GSM7104372,RNA-Seq,cDNA,TRANSCRIPTOMIC,SINGLE,0,0,ILLUMINA,NextSeq 500,SRP427955,PRJNA945945,3,945945,SRS17081636,SAMN33800063,simple,10090,Mus musculus,GSM7104372,,,,,,,no,,,,,SALK INSTITUTE FOR BIOLOGICAL STUDIES,SRA1606389,,public,6AD3F1998BC457D2B615D9E37E081DF2,C6B0A97C68D10B978B4E93ACC07AD837
SRR23901533,2023-06-13 00:47:08,2023-03-17 21:26:40,27210002,2748210202,0,101,799,,https://sra-downloadb.be-md.ncbi.nlm.nih.gov/sos8/sra-pub-zq-820/SRR023/23901/SRR23901533/SRR23901533.lite.1,SRX19713251,GSM7104373,RNA-Seq,cDNA,TRANSCRIPTOMIC,SINGLE,0,0,ILLUMINA,NextSeq 500,SRP427955,PRJNA945945,3,945945,SRS17081637,SAMN33800062,simple,10090,Mus musculus,GSM7104373,,,,,,,no,,,,,SALK INSTITUTE FOR BIOLOGICAL STUDIES,SRA1606389,,public,9A7FF01BF130114C5B2D7E070A52E704,B30493694AF725EED391150ACAC7EF93
SRR23901532,2023-06-13 00:47:08,2023-03-17 21:32:59,30906542,3121560742,0,101,909,,https://sra-downloadb.be-md.ncbi.nlm.nih.gov/sos8/sra-pub-zq-820/SRR023/23901/SRR23901532/SRR23901532.lite.1,SRX19713252,GSM7104374,RNA-Seq,cDNA,TRANSCRIPTOMIC,SINGLE,0,0,ILLUMINA,NextSeq 500,SRP427955,PRJNA945945,3,945945,SRS17081638,SAMN33800061,simple,10090,Mus musculus,GSM7104374,,,,,,,no,,,,,SALK INSTITUTE FOR BIOLOGICAL STUDIES,SRA1606389,,public,E7CE5DDCA61148B239872A092B2CC45A,F7BDFFFBF916713D714BF9EDA14BF193
SRR23901531,2023-06-13 00:47:08,2023-03-17 21:28:28,26635021,2690137121,0,101,781,,https://sra-downloadb.be-md.ncbi.nlm.nih.gov/sos8/sra-pub-zq-820/SRR023/23901/SRR23901531/SRR23901531.lite.1,SRX19713253,GSM7104375,RNA-Seq,cDNA,TRANSCRIPTOMIC,SINGLE,0,0,ILLUMINA,NextSeq 500,SRP427955,PRJNA945945,3,945945,SRS17081639,SAMN33800060,simple,10090,Mus musculus,GSM7104375,,,,,,,no,,,,,SALK INSTITUTE FOR BIOLOGICAL STUDIES,SRA1606389,,public,D67F954C3D70287FF0886EC80072E11C,A668C1175485FEDF2BAF98435446C829
SRR23901530,2023-06-13 00:47:08,2023-03-21 04:37:12,59048204,3011458404,0,51,1378,,https://sra-downloadb.be-md.ncbi.nlm.nih.gov/sos8/sra-pub-zq-820/SRR023/23901/SRR23901530/SRR23901530.lite.1,SRX19713254,GSM7104376,RNA-Seq,cDNA,TRANSCRIPTOMIC,SINGLE,0,0,ILLUMINA,NextSeq 500,SRP427955,PRJNA945945,3,945945,SRS17081640,SAMN33800059,simple,10090,Mus musculus,GSM7104376,,,,,,,no,,,,,SALK INSTITUTE FOR BIOLOGICAL STUDIES,SRA1606389,,public,7E256AA211CD195FE4F6C09F01E1A9F5,0183B7AC549CDEEBA25FF1DE92CE4A63
SRR23901529,2023-06-13 00:47:08,2023-03-21 04:05:44,48287078,2462640978,0,51,1126,,https://sra-downloadb.be-md.ncbi.nlm.nih.gov/sos8/sra-pub-zq-820/SRR023/23901/SRR23901529/SRR23901529.lite.1,SRX19713255,GSM7104377,RNA-Seq,cDNA,TRANSCRIPTOMIC,SINGLE,0,0,ILLUMINA,NextSeq 500,SRP427955,PRJNA945945,3,945945,SRS17081641,SAMN33800058,simple,10090,Mus musculus,GSM7104377,,,,,,,no,,,,,SALK INSTITUTE FOR BIOLOGICAL STUDIES,SRA1606389,,public,F12CD77B475216F1E71CE47325805972,CCCC448B1CCDCA38B90DE307778C0783
SRR23901528,2023-06-13 00:47:08,2023-03-21 04:01:13,51348720,2618784720,0,51,1189,,https://sra-downloadb.be-md.ncbi.nlm.nih.gov/sos8/sra-pub-zq-820/SRR023/23901/SRR23901528/SRR23901528.lite.1,SRX19713256,GSM7104378,RNA-Seq,cDNA,TRANSCRIPTOMIC,SINGLE,0,0,ILLUMINA,NextSeq 500,SRP427955,PRJNA945945,3,945945,SRS17081642,SAMN33800057,simple,10090,Mus musculus,GSM7104378,,,,,,,no,,,,,SALK INSTITUTE FOR BIOLOGICAL STUDIES,SRA1606389,,public,B1D0B036F025111ACC3205B7528E8376,A27CFCFF6A5286EBEAB1EED1D5F53554
SRR23901527,2023-06-13 00:47:08,2023-03-17 21:27:15,18176060,926979060,0,51,411,,https://sra-downloadb.be-md.ncbi.nlm.nih.gov/sos8/sra-pub-zq-820/SRR023/23901/SRR23901527/SRR23901527.lite.1,SRX19713257,GSM7104379,RNA-Seq,cDNA,TRANSCRIPTOMIC,SINGLE,0,0,ILLUMINA,NextSeq 500,SRP427955,PRJNA945945,3,945945,SRS17081643,SAMN33800056,simple,10090,Mus musculus,GSM7104379,,,,,,,no,,,,,SALK INSTITUTE FOR BIOLOGICAL STUDIES,SRA1606389,,public,B423B88A7E2FAC508AE75EBEAEBCB855,9BC492A228C103C9313B7AB05F9142BB
SRR23901526,2023-06-13 00:47:08,2023-03-17 21:25:32,13710616,699241416,0,51,311,,https://sra-downloadb.be-md.ncbi.nlm.nih.gov/sos8/sra-pub-zq-820/SRR023/23901/SRR23901526/SRR23901526.lite.1,SRX19713258,GSM7104380,RNA-Seq,cDNA,TRANSCRIPTOMIC,SINGLE,0,0,ILLUMINA,NextSeq 500,SRP427955,PRJNA945945,3,945945,SRS17081644,SAMN33800055,simple,10090,Mus musculus,GSM7104380,,,,,,,no,,,,,SALK INSTITUTE FOR BIOLOGICAL STUDIES,SRA1606389,,public,A620E1B493B43FEE10ED29752F706175,C765AA6381E966AB55F2984D6478B21E
SRR23901525,2023-06-13 00:47:08,2023-03-17 21:26:23,18585275,947849025,0,51,407,,https://sra-downloadb.be-md.ncbi.nlm.nih.gov/sos8/sra-pub-zq-820/SRR023/23901/SRR23901525/SRR23901525.lite.1,SRX19713259,GSM7104381,RNA-Seq,cDNA,TRANSCRIPTOMIC,SINGLE,0,0,ILLUMINA,NextSeq 500,SRP427955,PRJNA945945,3,945945,SRS17081645,SAMN33800054,simple,10090,Mus musculus,GSM7104381,,,,,,,no,,,,,SALK INSTITUTE FOR BIOLOGICAL STUDIES,SRA1606389,,public,F37C96D468541D0BFE05E818EEBAD273,EAA1EDB1864A8DD1D243E26311D61CF3
SRR23901524,2023-06-13 00:47:08,2023-03-17 21:27:26,19584705,998819955,0,51,428,,https://sra-downloadb.be-md.ncbi.nlm.nih.gov/sos8/sra-pub-zq-820/SRR023/23901/SRR23901524/SRR23901524.lite.1,SRX19713260,GSM7104382,RNA-Seq,cDNA,TRANSCRIPTOMIC,SINGLE,0,0,ILLUMINA,NextSeq 500,SRP427955,PRJNA945945,3,945945,SRS17081647,SAMN33800053,simple,10090,Mus musculus,GSM7104382,,,,,,,no,,,,,SALK INSTITUTE FOR BIOLOGICAL STUDIES,SRA1606389,,public,66F97B77D9C2B76B6F56228C75823B5D,4D9D24ED09081617AD4BAD4A73EA6C67
SRR23901523,2023-06-13 00:47:08,2023-03-17 21:26:28,14928049,761330499,0,51,338,,https://sra-downloadb.be-md.ncbi.nlm.nih.gov/sos8/sra-pub-zq-820/SRR023/23901/SRR23901523/SRR23901523.lite.1,SRX19713261,GSM7104383,RNA-Seq,cDNA,TRANSCRIPTOMIC,SINGLE,0,0,ILLUMINA,NextSeq 500,SRP427955,PRJNA945945,3,945945,SRS17081646,SAMN33800052,simple,10090,Mus musculus,GSM7104383,,,,,,,no,,,,,SALK INSTITUTE FOR BIOLOGICAL STUDIES,SRA1606389,,public,9F6A82CF3C9DEFB31C22F8D77EF42C9B,3DEF7930FC383284A0326346619EDF7F
SRR23901522,2023-06-13 00:47:08,2023-03-17 21:24:57,15846843,808188993,0,51,358,,https://sra-downloadb.be-md.ncbi.nlm.nih.gov/sos8/sra-pub-zq-820/SRR023/23901/SRR23901522/SRR23901522.lite.1,SRX19713262,GSM7104384,RNA-Seq,cDNA,TRANSCRIPTOMIC,SINGLE,0,0,ILLUMINA,NextSeq 500,SRP427955,PRJNA945945,3,945945,SRS17081648,SAMN33800051,simple,10090,Mus musculus,GSM7104384,,,,,,,no,,,,,SALK INSTITUTE FOR BIOLOGICAL STUDIES,SRA1606389,,public,928F1D71701004111F4A66AA9719BD4A,67D61E53B90D792C58D7CBCBACBDC277
SRR23901521,2023-06-13 00:47:08,2023-03-17 21:27:55,17296965,882145215,0,51,394,,https://sra-downloadb.be-md.ncbi.nlm.nih.gov/sos8/sra-pub-zq-820/SRR023/23901/SRR23901521/SRR23901521.lite.1,SRX19713263,GSM7104385,RNA-Seq,cDNA,TRANSCRIPTOMIC,SINGLE,0,0,ILLUMINA,NextSeq 500,SRP427955,PRJNA945945,3,945945,SRS17081655,SAMN33800050,simple,10090,Mus musculus,GSM7104385,,,,,,,no,,,,,SALK INSTITUTE FOR BIOLOGICAL STUDIES,SRA1606389,,public,D5827F4E1DF50E154B53C734529E16D3,E680C1B5FB84D13AEA8D86F173CC71B1
SRR23901520,2023-06-13 00:47:09,2023-03-17 21:26:15,12506612,637837212,0,51,287,,https://sra-downloadb.be-md.ncbi.nlm.nih.gov/sos8/sra-pub-zq-820/SRR023/23901/SRR23901520/SRR23901520.lite.1,SRX19713264,GSM7104386,RNA-Seq,cDNA,TRANSCRIPTOMIC,SINGLE,0,0,ILLUMINA,NextSeq 500,SRP427955,PRJNA945945,3,945945,SRS17081649,SAMN33800049,simple,10090,Mus musculus,GSM7104386,,,,,,,no,,,,,SALK INSTITUTE FOR BIOLOGICAL STUDIES,SRA1606389,,public,F7DDD34F5F10D1A0F823355388BA77B1,1D4BA923F53A7A08BBEF641420BD9981
SRR23901519,2023-06-13 00:47:09,2023-03-17 21:28:12,16678679,850612629,0,51,378,,https://sra-downloadb.be-md.ncbi.nlm.nih.gov/sos8/sra-pub-zq-820/SRR023/23901/SRR23901519/SRR23901519.lite.1,SRX19713265,GSM7104387,RNA-Seq,cDNA,TRANSCRIPTOMIC,SINGLE,0,0,ILLUMINA,NextSeq 500,SRP427955,PRJNA945945,3,945945,SRS17081650,SAMN33800048,simple,10090,Mus musculus,GSM7104387,,,,,,,no,,,,,SALK INSTITUTE FOR BIOLOGICAL STUDIES,SRA1606389,,public,859D3849CA49FEDEFE281CC49E2BDBFE,6DB7C5A9F483153884341CF0409E0F13
SRR23901518,2023-06-13 00:47:09,2023-03-17 21:28:58,18939224,965900424,0,51,409,,https://sra-downloadb.be-md.ncbi.nlm.nih.gov/sos8/sra-pub-zq-820/SRR023/23901/SRR23901518/SRR23901518.lite.1,SRX19713266,GSM7104388,RNA-Seq,cDNA,TRANSCRIPTOMIC,SINGLE,0,0,ILLUMINA,NextSeq 500,SRP427955,PRJNA945945,3,945945,SRS17081651,SAMN33800047,simple,10090,Mus musculus,GSM7104388,,,,,,,no,,,,,SALK INSTITUTE FOR BIOLOGICAL STUDIES,SRA1606389,,public,42540969B27D6561F5C3C958C74A352B,355DC9B3F05355B83692A6B68F52B5D4
SRR23901517,2023-06-13 00:47:09,2023-03-17 21:27:56,20692092,1055296692,0,51,448,,https://sra-downloadb.be-md.ncbi.nlm.nih.gov/sos8/sra-pub-zq-820/SRR023/23901/SRR23901517/SRR23901517.lite.1,SRX19713267,GSM7104389,RNA-Seq,cDNA,TRANSCRIPTOMIC,SINGLE,0,0,ILLUMINA,NextSeq 500,SRP427955,PRJNA945945,3,945945,SRS17081652,SAMN33800046,simple,10090,Mus musculus,GSM7104389,,,,,,,no,,,,,SALK INSTITUTE FOR BIOLOGICAL STUDIES,SRA1606389,,public,27425DAF082742DED292D75C96F5D68A,861B3CC44E3F9C99D65A5D8559310B0E
SRR23901516,2023-06-13 00:47:09,2023-03-17 21:27:45,21074983,1074824133,0,51,457,,https://sra-downloadb.be-md.ncbi.nlm.nih.gov/sos8/sra-pub-zq-820/SRR023/23901/SRR23901516/SRR23901516.lite.1,SRX19713268,GSM7104390,RNA-Seq,cDNA,TRANSCRIPTOMIC,SINGLE,0,0,ILLUMINA,NextSeq 500,SRP427955,PRJNA945945,3,945945,SRS17081653,SAMN33800045,simple,10090,Mus musculus,GSM7104390,,,,,,,no,,,,,SALK INSTITUTE FOR BIOLOGICAL STUDIES,SRA1606389,,public,F481FEF91A7A86A575376A676DB9BC75,861991CCB237107D23DBFB63A49DE5D5
SRR23901515,2023-06-13 00:47:09,2023-03-17 21:26:46,16065210,819325710,0,51,364,,https://sra-downloadb.be-md.ncbi.nlm.nih.gov/sos8/sra-pub-zq-820/SRR023/23901/SRR23901515/SRR23901515.lite.1,SRX19713269,GSM7104391,RNA-Seq,cDNA,TRANSCRIPTOMIC,SINGLE,0,0,ILLUMINA,NextSeq 500,SRP427955,PRJNA945945,3,945945,SRS17081654,SAMN33800044,simple,10090,Mus musculus,GSM7104391,,,,,,,no,,,,,SALK INSTITUTE FOR BIOLOGICAL STUDIES,SRA1606389,,public,4A64869C50D7066EC18E2B6343D3EEBA,B83C5A5D40A1FA388A32A79BD6D221BD
SRR23901514,2023-06-13 00:47:09,2023-03-17 21:27:39,18278169,932186619,0,51,412,,https://sra-downloadb.be-md.ncbi.nlm.nih.gov/sos8/sra-pub-zq-820/SRR023/23901/SRR23901514/SRR23901514.lite.1,SRX19713270,GSM7104392,RNA-Seq,cDNA,TRANSCRIPTOMIC,SINGLE,0,0,ILLUMINA,NextSeq 500,SRP427955,PRJNA945945,3,945945,SRS17081656,SAMN33800043,simple,10090,Mus musculus,GSM7104392,,,,,,,no,,,,,SALK INSTITUTE FOR BIOLOGICAL STUDIES,SRA1606389,,public,230137CA4826C0B90688AF15B7CAE5D1,3B7C4A1CBEA0F19FDB8F229DE824A84B
SRR23901513,2023-06-13 00:47:09,2023-03-17 21:26:18,18177812,927068412,0,51,409,,https://sra-downloadb.be-md.ncbi.nlm.nih.gov/sos8/sra-pub-zq-820/SRR023/23901/SRR23901513/SRR23901513.lite.1,SRX19713271,GSM7104393,RNA-Seq,cDNA,TRANSCRIPTOMIC,SINGLE,0,0,ILLUMINA,NextSeq 500,SRP427955,PRJNA945945,3,945945,SRS17081657,SAMN33800042,simple,10090,Mus musculus,GSM7104393,,,,,,,no,,,,,SALK INSTITUTE FOR BIOLOGICAL STUDIES,SRA1606389,,public,2CCFED62C8E4C4129255C0D61F32D396,CAD7253173F8181A9136DA5508BD7C02
SRR23901512,2023-06-13 00:47:09,2023-03-17 21:25:45,15239201,777199251,0,51,346,,https://sra-downloadb.be-md.ncbi.nlm.nih.gov/sos8/sra-pub-zq-820/SRR023/23901/SRR23901512/SRR23901512.lite.1,SRX19713272,GSM7104394,RNA-Seq,cDNA,TRANSCRIPTOMIC,SINGLE,0,0,ILLUMINA,NextSeq 500,SRP427955,PRJNA945945,3,945945,SRS17081658,SAMN33800041,simple,10090,Mus musculus,GSM7104394,,,,,,,no,,,,,SALK INSTITUTE FOR BIOLOGICAL STUDIES,SRA1606389,,public,966C3A3B3C030A21D985C435B16D71CE,BEA716B680C3EB2CB655D4C6534285DC
SRR23901511,2023-06-13 00:47:09,2023-03-17 21:25:43,14178290,723092790,0,51,321,,https://sra-downloadb.be-md.ncbi.nlm.nih.gov/sos8/sra-pub-zq-820/SRR023/23901/SRR23901511/SRR23901511.lite.1,SRX19713273,GSM7104395,RNA-Seq,cDNA,TRANSCRIPTOMIC,SINGLE,0,0,ILLUMINA,NextSeq 500,SRP427955,PRJNA945945,3,945945,SRS17081662,SAMN33800040,simple,10090,Mus musculus,GSM7104395,,,,,,,no,,,,,SALK INSTITUTE FOR BIOLOGICAL STUDIES,SRA1606389,,public,689DD07E3A2C3E84673FA8EC48EAC025,916CDA0CC80C162A2F50A9FFA266E64F
SRR23901510,2023-06-13 00:47:09,2023-03-17 21:27:17,18168627,926599977,0,51,395,,https://sra-downloadb.be-md.ncbi.nlm.nih.gov/sos8/sra-pub-zq-820/SRR023/23901/SRR23901510/SRR23901510.lite.1,SRX19713274,GSM7104396,RNA-Seq,cDNA,TRANSCRIPTOMIC,SINGLE,0,0,ILLUMINA,NextSeq 500,SRP427955,PRJNA945945,3,945945,SRS17081659,SAMN33800039,simple,10090,Mus musculus,GSM7104396,,,,,,,no,,,,,SALK INSTITUTE FOR BIOLOGICAL STUDIES,SRA1606389,,public,E818B94C53467E013BE190C0310FE268,C89E351A04782D7DD751CEF4E98C6AD1
SRR23901509,2023-06-13 00:47:09,2023-03-17 21:26:23,18730651,955263201,0,51,405,,https://sra-downloadb.be-md.ncbi.nlm.nih.gov/sos8/sra-pub-zq-820/SRR023/23901/SRR23901509/SRR23901509.lite.1,SRX19713275,GSM7104397,RNA-Seq,cDNA,TRANSCRIPTOMIC,SINGLE,0,0,ILLUMINA,NextSeq 500,SRP427955,PRJNA945945,3,945945,SRS17081660,SAMN33800038,simple,10090,Mus musculus,GSM7104397,,,,,,,no,,,,,SALK INSTITUTE FOR BIOLOGICAL STUDIES,SRA1606389,,public,83CF6C0620F7B34D5E77363FDADC1C55,6B1C81177377D43179E61636C910260D
SRR23901508,2023-06-13 00:47:09,2023-03-17 21:26:39,16647587,849026937,0,51,362,,https://sra-downloadb.be-md.ncbi.nlm.nih.gov/sos8/sra-pub-zq-820/SRR023/23901/SRR23901508/SRR23901508.lite.1,SRX19713276,GSM7104398,RNA-Seq,cDNA,TRANSCRIPTOMIC,SINGLE,0,0,ILLUMINA,NextSeq 500,SRP427955,PRJNA945945,3,945945,SRS17081661,SAMN33800037,simple,10090,Mus musculus,GSM7104398,,,,,,,no,,,,,SALK INSTITUTE FOR BIOLOGICAL STUDIES,SRA1606389,,public,B658F18D673BFBDC6F3241BB4BB6D537,F1DEFBC5D3E7FAE5A9CEC6E490FC56F4
SRR23901507,2023-06-13 00:47:09,2023-03-17 21:26:49,19097567,973975917,0,51,427,,https://sra-downloadb.be-md.ncbi.nlm.nih.gov/sos8/sra-pub-zq-820/SRR023/23901/SRR23901507/SRR23901507.lite.1,SRX19713277,GSM7104399,RNA-Seq,cDNA,TRANSCRIPTOMIC,SINGLE,0,0,ILLUMINA,NextSeq 500,SRP427955,PRJNA945945,3,945945,SRS17081663,SAMN33800036,simple,10090,Mus musculus,GSM7104399,,,,,,,no,,,,,SALK INSTITUTE FOR BIOLOGICAL STUDIES,SRA1606389,,public,0008D250CC74A074CEE2A8143F46552D,5E04F23E05F7EBE77D64FF1A7797B168
SRR23901506,2023-06-13 00:47:09,2023-03-17 21:25:11,12215939,623012889,0,51,277,,https://sra-downloadb.be-md.ncbi.nlm.nih.gov/sos8/sra-pub-zq-820/SRR023/23901/SRR23901506/SRR23901506.lite.1,SRX19713278,GSM7104400,RNA-Seq,cDNA,TRANSCRIPTOMIC,SINGLE,0,0,ILLUMINA,NextSeq 500,SRP427955,PRJNA945945,3,945945,SRS17081664,SAMN33800035,simple,10090,Mus musculus,GSM7104400,,,,,,,no,,,,,SALK INSTITUTE FOR BIOLOGICAL STUDIES,SRA1606389,,public,4BDBA2B1A39B57FDD93F852BE9CE4B02,D28229E01E95F0D8F850AEACB4BA9A42
