sample,fastq_1,fastq_2,replicate
48h_WT,data/fastq/atacseq/SRR23957995_1.fastq.gz,data/fastq/atacseq/SRR23957995_2.fastq.gz,1
48h_WT,data/fastq/atacseq/SRR23957994_1.fastq.gz,data/fastq/atacseq/SRR23957994_2.fastq.gz,2
D3_KO,data/fastq/atacseq/SRR23957991_1.fastq.gz,data/fastq/atacseq/SRR23957991_2.fastq.gz,1
D3_KO,data/fastq/atacseq/SRR23957990_1.fastq.gz,data/fastq/atacseq/SRR23957990_2.fastq.gz,2
D3_WT,data/fastq/atacseq/SRR23957993_1.fastq.gz,data/fastq/atacseq/SRR23957993_2.fastq.gz,1
D3_WT,data/fastq/atacseq/SRR23957992_1.fastq.gz,data/fastq/atacseq/SRR23957992_2.fastq.gz,2
D5_KO,data/fastq/atacseq/SRR23957987_1.fastq.gz,data/fastq/atacseq/SRR23957987_2.fastq.gz,1
D5_KO,data/fastq/atacseq/SRR23957986_1.fastq.gz,data/fastq/atacseq/SRR23957986_2.fastq.gz,2
D5_WT,data/fastq/atacseq/SRR23957989_1.fastq.gz,data/fastq/atacseq/SRR23957989_2.fastq.gz,1
D5_WT,data/fastq/atacseq/SRR23957988_1.fastq.gz,data/fastq/atacseq/SRR23957988_2.fastq.gz,2
D8_Het_EEC_Exp2,data/fastq/atacseq/SRR23957955_1.fastq.gz,data/fastq/atacseq/SRR23957955_2.fastq.gz,1
D8_Het_EEC_Exp2,data/fastq/atacseq/SRR23957954_1.fastq.gz,data/fastq/atacseq/SRR23957954_2.fastq.gz,2
D8_Het_EEC_Exp2,data/fastq/atacseq/SRR23957953_1.fastq.gz,data/fastq/atacseq/SRR23957953_2.fastq.gz,3
D8_Het_MP_Exp2,data/fastq/atacseq/SRR23957952_1.fastq.gz,data/fastq/atacseq/SRR23957952_2.fastq.gz,1
D8_Het_MP_Exp2,data/fastq/atacseq/SRR23957951_1.fastq.gz,data/fastq/atacseq/SRR23957951_2.fastq.gz,2
D8_Het_MP_Exp2,data/fastq/atacseq/SRR23957950_1.fastq.gz,data/fastq/atacseq/SRR23957950_2.fastq.gz,3
D8_Het_TE_Exp2,data/fastq/atacseq/SRR23957958_1.fastq.gz,data/fastq/atacseq/SRR23957958_2.fastq.gz,1
D8_Het_TE_Exp2,data/fastq/atacseq/SRR23957957_1.fastq.gz,data/fastq/atacseq/SRR23957957_2.fastq.gz,2
D8_Het_TE_Exp2,data/fastq/atacseq/SRR23957956_1.fastq.gz,data/fastq/atacseq/SRR23957956_2.fastq.gz,3
D8_KO_EEC_Exp1,data/fastq/atacseq/SRR23957971_1.fastq.gz,data/fastq/atacseq/SRR23957971_2.fastq.gz,1
D8_KO_EEC_Exp2,data/fastq/atacseq/SRR23957947_1.fastq.gz,data/fastq/atacseq/SRR23957947_2.fastq.gz,1
D8_KO_EEC_Exp1,data/fastq/atacseq/SRR23957970_1.fastq.gz,data/fastq/atacseq/SRR23957970_2.fastq.gz,2
D8_KO_EEC_Exp2,data/fastq/atacseq/SRR23957946_1.fastq.gz,data/fastq/atacseq/SRR23957946_2.fastq.gz,2
D8_KO_MP_Exp1,data/fastq/atacseq/SRR23957969_1.fastq.gz,data/fastq/atacseq/SRR23957969_2.fastq.gz,1
D8_KO_MP_Exp2,data/fastq/atacseq/SRR23957945_1.fastq.gz,data/fastq/atacseq/SRR23957945_2.fastq.gz,1
D8_KO_MP_Exp1,data/fastq/atacseq/SRR23957968_1.fastq.gz,data/fastq/atacseq/SRR23957968_2.fastq.gz,2
D8_KO_MP_Exp2,data/fastq/atacseq/SRR23957944_1.fastq.gz,data/fastq/atacseq/SRR23957944_2.fastq.gz,2
D8_KO_TE_Exp1,data/fastq/atacseq/SRR23957973_1.fastq.gz,data/fastq/atacseq/SRR23957973_2.fastq.gz,1
D8_KO_TE_Exp2,data/fastq/atacseq/SRR23957949_1.fastq.gz,data/fastq/atacseq/SRR23957949_2.fastq.gz,1
D8_KO_TE_Exp1,data/fastq/atacseq/SRR23957972_1.fastq.gz,data/fastq/atacseq/SRR23957972_2.fastq.gz,2
D8_KO_TE_Exp2,data/fastq/atacseq/SRR23957948_1.fastq.gz,data/fastq/atacseq/SRR23957948_2.fastq.gz,2
D8_TbetKO_EEC_Exp1,data/fastq/atacseq/SRR23957977_1.fastq.gz,data/fastq/atacseq/SRR23957977_2.fastq.gz,1
D8_TbetKO_EEC_Exp1,data/fastq/atacseq/SRR23957976_1.fastq.gz,data/fastq/atacseq/SRR23957976_2.fastq.gz,2
D8_TbetKO_MP_Exp1,data/fastq/atacseq/SRR23957975_1.fastq.gz,data/fastq/atacseq/SRR23957975_2.fastq.gz,1
D8_TbetKO_MP_Exp1,data/fastq/atacseq/SRR23957974_1.fastq.gz,data/fastq/atacseq/SRR23957974_2.fastq.gz,2
D8_TbetKO_TE_Exp1,data/fastq/atacseq/SRR23957979_1.fastq.gz,data/fastq/atacseq/SRR23957979_2.fastq.gz,1
D8_TbetKO_TE_Exp1,data/fastq/atacseq/SRR23957978_1.fastq.gz,data/fastq/atacseq/SRR23957978_2.fastq.gz,2
D8_WT_EEC_Exp1,data/fastq/atacseq/SRR23957983_1.fastq.gz,data/fastq/atacseq/SRR23957983_2.fastq.gz,1
D8_WT_EEC_Exp2,data/fastq/atacseq/SRR23957964_1.fastq.gz,data/fastq/atacseq/SRR23957964_2.fastq.gz,1
D8_WT_EEC_Exp1,data/fastq/atacseq/SRR23957982_1.fastq.gz,data/fastq/atacseq/SRR23957982_2.fastq.gz,2
D8_WT_EEC_Exp2,data/fastq/atacseq/SRR23957963_1.fastq.gz,data/fastq/atacseq/SRR23957963_2.fastq.gz,2
D8_WT_EEC_Exp2,data/fastq/atacseq/SRR23957962_1.fastq.gz,data/fastq/atacseq/SRR23957962_2.fastq.gz,3
D8_WT_MP_Exp1,data/fastq/atacseq/SRR23957981_1.fastq.gz,data/fastq/atacseq/SRR23957981_2.fastq.gz,1
D8_WT_MP_Exp2,data/fastq/atacseq/SRR23957961_1.fastq.gz,data/fastq/atacseq/SRR23957961_2.fastq.gz,1
D8_WT_MP_Exp1,data/fastq/atacseq/SRR23957980_1.fastq.gz,data/fastq/atacseq/SRR23957980_2.fastq.gz,2
D8_WT_MP_Exp2,data/fastq/atacseq/SRR23957960_1.fastq.gz,data/fastq/atacseq/SRR23957960_2.fastq.gz,2
D8_WT_MP_Exp2,data/fastq/atacseq/SRR23957959_1.fastq.gz,data/fastq/atacseq/SRR23957959_2.fastq.gz,3
D8_WT_TE_Exp1,data/fastq/atacseq/SRR23957985_1.fastq.gz,data/fastq/atacseq/SRR23957985_2.fastq.gz,1
D8_WT_TE_Exp2,data/fastq/atacseq/SRR23957967_1.fastq.gz,data/fastq/atacseq/SRR23957967_2.fastq.gz,1
D8_WT_TE_Exp1,data/fastq/atacseq/SRR23957984_1.fastq.gz,data/fastq/atacseq/SRR23957984_2.fastq.gz,2
D8_WT_TE_Exp2,data/fastq/atacseq/SRR23957966_1.fastq.gz,data/fastq/atacseq/SRR23957966_2.fastq.gz,2
D8_WT_TE_Exp2,data/fastq/atacseq/SRR23957965_1.fastq.gz,data/fastq/atacseq/SRR23957965_2.fastq.gz,3
Naive_WT,data/fastq/atacseq/SRR23957997_1.fastq.gz,data/fastq/atacseq/SRR23957997_2.fastq.gz,1
Naive_WT,data/fastq/atacseq/SRR23957996_1.fastq.gz,data/fastq/atacseq/SRR23957996_2.fastq.gz,2
ATAC_Untreated,data/fastq/atacseq/SRR23958782_1.fastq.gz,data/fastq/atacseq/SRR23958782_2.fastq.gz,1
ATAC_IL-12,data/fastq/atacseq/SRR23958780_1.fastq.gz,data/fastq/atacseq/SRR23958780_2.fastq.gz,1
ATAC_IL-12_ACBI1,data/fastq/atacseq/SRR23958778_1.fastq.gz,data/fastq/atacseq/SRR23958778_2.fastq.gz,1
ATAC_IL-12_BRM014,data/fastq/atacseq/SRR23958776_1.fastq.gz,data/fastq/atacseq/SRR23958776_2.fastq.gz,1
ATAC_Untreated,data/fastq/atacseq/SRR23958781_1.fastq.gz,data/fastq/atacseq/SRR23958781_2.fastq.gz,2
ATAC_IL-12,data/fastq/atacseq/SRR23958779_1.fastq.gz,data/fastq/atacseq/SRR23958779_2.fastq.gz,2
ATAC_IL-12_ACBI1,data/fastq/atacseq/SRR23958777_1.fastq.gz,data/fastq/atacseq/SRR23958777_2.fastq.gz,2
ATAC_IL-12_BRM014,data/fastq/atacseq/SRR23958775_1.fastq.gz,data/fastq/atacseq/SRR23958775_2.fastq.gz,2
