group,replicate,fastq_1,fastq_2,control
ARID1A_48h_WT,1,data/fastq/cutandrun/SRR23994277_1.fastq.gz,data/fastq/cutandrun/SRR23994277_2.fastq.gz,
ARID1A_48h_WT,2,data/fastq/cutandrun/SRR23994274_1.fastq.gz,data/fastq/cutandrun/SRR23994274_2.fastq.gz,
ARID1A_D5_KO,1,data/fastq/cutandrun/SRR23994275_1.fastq.gz,data/fastq/cutandrun/SRR23994275_2.fastq.gz,IgG_D5_KO
IgG_D5_KO,1,data/fastq/cutandrun/SRR23994266_1.fastq.gz,data/fastq/cutandrun/SRR23994266_2.fastq.gz,
BATF_D5_KO,1,data/fastq/cutandrun/SRR23994267_1.fastq.gz,data/fastq/cutandrun/SRR23994267_2.fastq.gz,IgG_D5_KO
ETS1_D5_KO,1,data/fastq/cutandrun/SRR23994268_1.fastq.gz,data/fastq/cutandrun/SRR23994268_2.fastq.gz,IgG_D5_KO
Tbet_D5_KO,1,data/fastq/cutandrun/SRR23994269_1.fastq.gz,data/fastq/cutandrun/SRR23994269_2.fastq.gz,IgG_D5_KO
Tbet_D5_KO_TbetOE,1,data/fastq/cutandrun/SRR23994261_1.fastq.gz,data/fastq/cutandrun/SRR23994261_2.fastq.gz,IgG_D5_KO
H3K27ac_D5_KO,1,data/fastq/cutandrun/SRR23994257_1.fastq.gz,data/fastq/cutandrun/SRR23994257_2.fastq.gz,IgG_D5_KO
ARID1A_D5_TbetKO,1,data/fastq/cutandrun/SRR23994259_1.fastq.gz,data/fastq/cutandrun/SRR23994259_2.fastq.gz,
IgG_D5_WT,1,data/fastq/cutandrun/SRR23994270_1.fastq.gz,data/fastq/cutandrun/SRR23994270_2.fastq.gz,
BATF_D5_WT,1,data/fastq/cutandrun/SRR23994265_1.fastq.gz,data/fastq/cutandrun/SRR23994265_2.fastq.gz,IgG_D5_WT
ETS1_D5_WT,1,data/fastq/cutandrun/SRR23994264_1.fastq.gz,data/fastq/cutandrun/SRR23994264_2.fastq.gz,IgG_D5_WT
Tbet_D5_WT,1,data/fastq/cutandrun/SRR23994263_1.fastq.gz,data/fastq/cutandrun/SRR23994263_2.fastq.gz,IgG_D5_WT
Tbet_D5_WT_TbetOE,1,data/fastq/cutandrun/SRR23994262_1.fastq.gz,data/fastq/cutandrun/SRR23994262_2.fastq.gz,IgG_D5_WT
ARID1A_D5_WT,1,data/fastq/cutandrun/SRR23994260_1.fastq.gz,data/fastq/cutandrun/SRR23994260_2.fastq.gz,IgG_D5_WT
H3K27ac_D5_WT,1,data/fastq/cutandrun/SRR23994258_1.fastq.gz,data/fastq/cutandrun/SRR23994258_2.fastq.gz,IgG_D5_WT
ARID1A_D5_WT,2,data/fastq/cutandrun/SRR23994273_1.fastq.gz,data/fastq/cutandrun/SRR23994273_2.fastq.gz,IgG_D5_WT
ARID1A_D8_WT_EEC,1,data/fastq/cutandrun/SRR23994276_1.fastq.gz,data/fastq/cutandrun/SRR23994276_2.fastq.gz,
H3K27me3_D8_WT_EEC,1,data/fastq/cutandrun/SRR23994255_1.fastq.gz,data/fastq/cutandrun/SRR23994255_2.fastq.gz,
H3K27ac_D8_WT_EEC,1,data/fastq/cutandrun/SRR23994252_1.fastq.gz,data/fastq/cutandrun/SRR23994252_2.fastq.gz,
ARID1A_D8_WT_MP,1,data/fastq/cutandrun/SRR23994271_1.fastq.gz,data/fastq/cutandrun/SRR23994271_2.fastq.gz,
H3K27me3_D8_WT_MP,1,data/fastq/cutandrun/SRR23994254_1.fastq.gz,data/fastq/cutandrun/SRR23994254_2.fastq.gz,
H3K27ac_D8_WT_MP,1,data/fastq/cutandrun/SRR23994251_1.fastq.gz,data/fastq/cutandrun/SRR23994251_2.fastq.gz,
ARID1A_D8_WT_TE,1,data/fastq/cutandrun/SRR23994272_1.fastq.gz,data/fastq/cutandrun/SRR23994272_2.fastq.gz,
H3K27me3_D8_WT_TE,1,data/fastq/cutandrun/SRR23994256_1.fastq.gz,data/fastq/cutandrun/SRR23994256_2.fastq.gz,
H3K27ac_D8_WT_TE,1,data/fastq/cutandrun/SRR23994253_1.fastq.gz,data/fastq/cutandrun/SRR23994253_2.fastq.gz,
ARID1A_Naive_WT,1,data/fastq/cutandrun/SRR23994278_1.fastq.gz,data/fastq/cutandrun/SRR23994278_2.fastq.gz,
