sample,fastq_1,fastq_2,strandedness
Guo_g183615_KO_r1,data/fastq/meta_analysis/guo2022/rnaseq/SRR15743362_1.fastq.gz,data/fastq/meta_analysis/guo2022/rnaseq/SRR15743362_2.fastq.gz,auto
Guo_g183615_KO_r2,data/fastq/meta_analysis/guo2022/rnaseq/SRR15743365_1.fastq.gz,data/fastq/meta_analysis/guo2022/rnaseq/SRR15743365_2.fastq.gz,auto
Guo_g183615_KO_r3,data/fastq/meta_analysis/guo2022/rnaseq/SRR15743367_1.fastq.gz,data/fastq/meta_analysis/guo2022/rnaseq/SRR15743367_2.fastq.gz,auto
Guo_g183615_KO_r4,data/fastq/meta_analysis/guo2022/rnaseq/SRR15743369_1.fastq.gz,data/fastq/meta_analysis/guo2022/rnaseq/SRR15743369_2.fastq.gz,auto
Guo_g183615_KO_r5,data/fastq/meta_analysis/guo2022/rnaseq/SRR15743371_1.fastq.gz,data/fastq/meta_analysis/guo2022/rnaseq/SRR15743371_2.fastq.gz,auto
Guo_g183615_MycKO_r1,data/fastq/meta_analysis/guo2022/rnaseq/SRR15743352_1.fastq.gz,data/fastq/meta_analysis/guo2022/rnaseq/SRR15743352_2.fastq.gz,auto
Guo_g183615_MycKO_r2,data/fastq/meta_analysis/guo2022/rnaseq/SRR15743353_1.fastq.gz,data/fastq/meta_analysis/guo2022/rnaseq/SRR15743353_2.fastq.gz,auto
Guo_g183615_MycKO_r3,data/fastq/meta_analysis/guo2022/rnaseq/SRR15743354_1.fastq.gz,data/fastq/meta_analysis/guo2022/rnaseq/SRR15743354_2.fastq.gz,auto
Guo_g183615_MycKO_r4,data/fastq/meta_analysis/guo2022/rnaseq/SRR15743355_1.fastq.gz,data/fastq/meta_analysis/guo2022/rnaseq/SRR15743355_2.fastq.gz,auto
Guo_g183615_MycKO_r5,data/fastq/meta_analysis/guo2022/rnaseq/SRR15743356_1.fastq.gz,data/fastq/meta_analysis/guo2022/rnaseq/SRR15743356_2.fastq.gz,auto
Guo_g183615_MycKO_r6,data/fastq/meta_analysis/guo2022/rnaseq/SRR15743357_1.fastq.gz,data/fastq/meta_analysis/guo2022/rnaseq/SRR15743357_2.fastq.gz,auto
Guo_g183615_MycKO_r7,data/fastq/meta_analysis/guo2022/rnaseq/SRR15743358_1.fastq.gz,data/fastq/meta_analysis/guo2022/rnaseq/SRR15743358_2.fastq.gz,auto
Guo_g183615_MycKO_r8,data/fastq/meta_analysis/guo2022/rnaseq/SRR15743359_1.fastq.gz,data/fastq/meta_analysis/guo2022/rnaseq/SRR15743359_2.fastq.gz,auto
Guo_g183615_MycKO_r9,data/fastq/meta_analysis/guo2022/rnaseq/SRR15743360_1.fastq.gz,data/fastq/meta_analysis/guo2022/rnaseq/SRR15743360_2.fastq.gz,auto
Guo_g183615_MycKO_r10,data/fastq/meta_analysis/guo2022/rnaseq/SRR15743361_1.fastq.gz,data/fastq/meta_analysis/guo2022/rnaseq/SRR15743361_2.fastq.gz,auto
Guo_g183615_MycWT_r1,data/fastq/meta_analysis/guo2022/rnaseq/SRR15743372_1.fastq.gz,data/fastq/meta_analysis/guo2022/rnaseq/SRR15743372_2.fastq.gz,auto
Guo_g183615_MycWT_r2,data/fastq/meta_analysis/guo2022/rnaseq/SRR15743373_1.fastq.gz,data/fastq/meta_analysis/guo2022/rnaseq/SRR15743373_2.fastq.gz,auto
Guo_g183615_MycWT_r3,data/fastq/meta_analysis/guo2022/rnaseq/SRR15743374_1.fastq.gz,data/fastq/meta_analysis/guo2022/rnaseq/SRR15743374_2.fastq.gz,auto
Guo_g183615_MycWT_r4,data/fastq/meta_analysis/guo2022/rnaseq/SRR15743375_1.fastq.gz,data/fastq/meta_analysis/guo2022/rnaseq/SRR15743375_2.fastq.gz,auto
Guo_g183615_MycWT_r5,data/fastq/meta_analysis/guo2022/rnaseq/SRR15743376_1.fastq.gz,data/fastq/meta_analysis/guo2022/rnaseq/SRR15743376_2.fastq.gz,auto
Guo_g183615_MycWT_r6,data/fastq/meta_analysis/guo2022/rnaseq/SRR15743377_1.fastq.gz,data/fastq/meta_analysis/guo2022/rnaseq/SRR15743377_2.fastq.gz,auto
Guo_g183615_MycWT_r7,data/fastq/meta_analysis/guo2022/rnaseq/SRR15743379_1.fastq.gz,data/fastq/meta_analysis/guo2022/rnaseq/SRR15743379_2.fastq.gz,auto
Guo_g183615_MycWT_r8,data/fastq/meta_analysis/guo2022/rnaseq/SRR15743378_1.fastq.gz,data/fastq/meta_analysis/guo2022/rnaseq/SRR15743378_2.fastq.gz,auto
Guo_g183615_MycWT_r9,data/fastq/meta_analysis/guo2022/rnaseq/SRR15743351_1.fastq.gz,data/fastq/meta_analysis/guo2022/rnaseq/SRR15743351_2.fastq.gz,auto
Guo_g183615_MycWT_r10,data/fastq/meta_analysis/guo2022/rnaseq/SRR15743380_1.fastq.gz,data/fastq/meta_analysis/guo2022/rnaseq/SRR15743380_2.fastq.gz,auto
Guo_g183615_WT_r1,data/fastq/meta_analysis/guo2022/rnaseq/SRR15743363_1.fastq.gz,data/fastq/meta_analysis/guo2022/rnaseq/SRR15743363_2.fastq.gz,auto
Guo_g183615_WT_r2,data/fastq/meta_analysis/guo2022/rnaseq/SRR15743364_1.fastq.gz,data/fastq/meta_analysis/guo2022/rnaseq/SRR15743364_2.fastq.gz,auto
Guo_g183615_WT_r3,data/fastq/meta_analysis/guo2022/rnaseq/SRR15743366_1.fastq.gz,data/fastq/meta_analysis/guo2022/rnaseq/SRR15743366_2.fastq.gz,auto
Guo_g183615_WT_r4,data/fastq/meta_analysis/guo2022/rnaseq/SRR15743368_1.fastq.gz,data/fastq/meta_analysis/guo2022/rnaseq/SRR15743368_2.fastq.gz,auto
Guo_g183615_WT_r5,data/fastq/meta_analysis/guo2022/rnaseq/SRR15743370_1.fastq.gz,data/fastq/meta_analysis/guo2022/rnaseq/SRR15743370_2.fastq.gz,auto
Guo_g199184_WT_r1,data/fastq/meta_analysis/guo2022/rnaseq/SRR18435818_1.fastq.gz,data/fastq/meta_analysis/guo2022/rnaseq/SRR18435818_2.fastq.gz,auto
Guo_g199184_WT_r2,data/fastq/meta_analysis/guo2022/rnaseq/SRR18435817_1.fastq.gz,data/fastq/meta_analysis/guo2022/rnaseq/SRR18435817_2.fastq.gz,auto
Guo_g199184_WT_r3,data/fastq/meta_analysis/guo2022/rnaseq/SRR18435816_1.fastq.gz,data/fastq/meta_analysis/guo2022/rnaseq/SRR18435816_2.fastq.gz,auto
Guo_g199184_WT_r4,data/fastq/meta_analysis/guo2022/rnaseq/SRR18435815_1.fastq.gz,data/fastq/meta_analysis/guo2022/rnaseq/SRR18435815_2.fastq.gz,auto
Guo_g199184_inhib_r1,data/fastq/meta_analysis/guo2022/rnaseq/SRR18435814_1.fastq.gz,data/fastq/meta_analysis/guo2022/rnaseq/SRR18435814_2.fastq.gz,auto
Guo_g199184_inhib_r2,data/fastq/meta_analysis/guo2022/rnaseq/SRR18435813_1.fastq.gz,data/fastq/meta_analysis/guo2022/rnaseq/SRR18435813_2.fastq.gz,auto
Guo_g199184_inhib_r3,data/fastq/meta_analysis/guo2022/rnaseq/SRR18435812_1.fastq.gz,data/fastq/meta_analysis/guo2022/rnaseq/SRR18435812_2.fastq.gz,auto
Guo_g199184_inhib_r4,data/fastq/meta_analysis/guo2022/rnaseq/SRR18435811_1.fastq.gz,data/fastq/meta_analysis/guo2022/rnaseq/SRR18435811_2.fastq.gz,auto
