sample,fastq_1,fastq_2,replicate
Guo_g183616_MycHi,data/fastq/meta_analysis/guo2022/atacseq/SRR15743340_1.fastq.gz,data/fastq/meta_analysis/guo2022/atacseq/SRR15743340_2.fastq.gz,3
Guo_g183616_MycHi,data/fastq/meta_analysis/guo2022/atacseq/SRR15743341_1.fastq.gz,data/fastq/meta_analysis/guo2022/atacseq/SRR15743341_2.fastq.gz,3
Guo_g183616_MycHi,data/fastq/meta_analysis/guo2022/atacseq/SRR15743342_1.fastq.gz,data/fastq/meta_analysis/guo2022/atacseq/SRR15743342_2.fastq.gz,1
Guo_g183616_MycHi,data/fastq/meta_analysis/guo2022/atacseq/SRR15743343_1.fastq.gz,data/fastq/meta_analysis/guo2022/atacseq/SRR15743343_2.fastq.gz,1
Guo_g183616_MycHi,data/fastq/meta_analysis/guo2022/atacseq/SRR15743344_1.fastq.gz,data/fastq/meta_analysis/guo2022/atacseq/SRR15743344_2.fastq.gz,2
Guo_g183616_MycHi,data/fastq/meta_analysis/guo2022/atacseq/SRR15743345_1.fastq.gz,data/fastq/meta_analysis/guo2022/atacseq/SRR15743345_2.fastq.gz,2
Guo_g183616_MycLo,data/fastq/meta_analysis/guo2022/atacseq/SRR15743346_1.fastq.gz,data/fastq/meta_analysis/guo2022/atacseq/SRR15743346_2.fastq.gz,1
Guo_g183616_MycLo,data/fastq/meta_analysis/guo2022/atacseq/SRR15743347_1.fastq.gz,data/fastq/meta_analysis/guo2022/atacseq/SRR15743347_2.fastq.gz,1
Guo_g183616_MycLo,data/fastq/meta_analysis/guo2022/atacseq/SRR15743348_1.fastq.gz,data/fastq/meta_analysis/guo2022/atacseq/SRR15743348_2.fastq.gz,2
Guo_g183616_MycLo,data/fastq/meta_analysis/guo2022/atacseq/SRR15743349_1.fastq.gz,data/fastq/meta_analysis/guo2022/atacseq/SRR15743349_2.fastq.gz,2
Guo_g183616_MycLo,data/fastq/meta_analysis/guo2022/atacseq/SRR15743333_1.fastq.gz,data/fastq/meta_analysis/guo2022/atacseq/SRR15743333_2.fastq.gz,3
Guo_g183616_MycLo,data/fastq/meta_analysis/guo2022/atacseq/SRR15743350_1.fastq.gz,data/fastq/meta_analysis/guo2022/atacseq/SRR15743350_2.fastq.gz,3
Guo_g183616_Naive,data/fastq/meta_analysis/guo2022/atacseq/SRR15743334_1.fastq.gz,data/fastq/meta_analysis/guo2022/atacseq/SRR15743334_2.fastq.gz,3
Guo_g183616_Naive,data/fastq/meta_analysis/guo2022/atacseq/SRR15743335_1.fastq.gz,data/fastq/meta_analysis/guo2022/atacseq/SRR15743335_2.fastq.gz,3
Guo_g183616_Naive,data/fastq/meta_analysis/guo2022/atacseq/SRR15743336_1.fastq.gz,data/fastq/meta_analysis/guo2022/atacseq/SRR15743336_2.fastq.gz,1
Guo_g183616_Naive,data/fastq/meta_analysis/guo2022/atacseq/SRR15743337_1.fastq.gz,data/fastq/meta_analysis/guo2022/atacseq/SRR15743337_2.fastq.gz,1
Guo_g183616_Naive,data/fastq/meta_analysis/guo2022/atacseq/SRR15743338_1.fastq.gz,data/fastq/meta_analysis/guo2022/atacseq/SRR15743338_2.fastq.gz,2
Guo_g183616_Naive,data/fastq/meta_analysis/guo2022/atacseq/SRR15743339_1.fastq.gz,data/fastq/meta_analysis/guo2022/atacseq/SRR15743339_2.fastq.gz,2
Guo_g183618_KO,data/fastq/meta_analysis/guo2022/atacseq/SRR15743381_1.fastq.gz,data/fastq/meta_analysis/guo2022/atacseq/SRR15743381_2.fastq.gz,3
Guo_g183618_KO,data/fastq/meta_analysis/guo2022/atacseq/SRR15743382_1.fastq.gz,data/fastq/meta_analysis/guo2022/atacseq/SRR15743382_2.fastq.gz,1
Guo_g183618_KO,data/fastq/meta_analysis/guo2022/atacseq/SRR15743383_1.fastq.gz,data/fastq/meta_analysis/guo2022/atacseq/SRR15743383_2.fastq.gz,2
Guo_g183618_MycKO,data/fastq/meta_analysis/guo2022/atacseq/SRR15743387_1.fastq.gz,data/fastq/meta_analysis/guo2022/atacseq/SRR15743387_2.fastq.gz,1
Guo_g183618_MycKO,data/fastq/meta_analysis/guo2022/atacseq/SRR15743388_1.fastq.gz,data/fastq/meta_analysis/guo2022/atacseq/SRR15743388_2.fastq.gz,1
Guo_g183618_MycKO,data/fastq/meta_analysis/guo2022/atacseq/SRR15743389_1.fastq.gz,data/fastq/meta_analysis/guo2022/atacseq/SRR15743389_2.fastq.gz,1
Guo_g183618_MycKO,data/fastq/meta_analysis/guo2022/atacseq/SRR15743390_1.fastq.gz,data/fastq/meta_analysis/guo2022/atacseq/SRR15743390_2.fastq.gz,2
Guo_g183618_MycKO,data/fastq/meta_analysis/guo2022/atacseq/SRR15743391_1.fastq.gz,data/fastq/meta_analysis/guo2022/atacseq/SRR15743391_2.fastq.gz,2
Guo_g183618_MycKO,data/fastq/meta_analysis/guo2022/atacseq/SRR15743392_1.fastq.gz,data/fastq/meta_analysis/guo2022/atacseq/SRR15743392_2.fastq.gz,2
Guo_g183618_MycKO,data/fastq/meta_analysis/guo2022/atacseq/SRR15743393_1.fastq.gz,data/fastq/meta_analysis/guo2022/atacseq/SRR15743393_2.fastq.gz,3
Guo_g183618_MycKO,data/fastq/meta_analysis/guo2022/atacseq/SRR15743394_1.fastq.gz,data/fastq/meta_analysis/guo2022/atacseq/SRR15743394_2.fastq.gz,3
Guo_g183618_MycKO,data/fastq/meta_analysis/guo2022/atacseq/SRR15743395_1.fastq.gz,data/fastq/meta_analysis/guo2022/atacseq/SRR15743395_2.fastq.gz,3
Guo_g183618_WT,data/fastq/meta_analysis/guo2022/atacseq/SRR15743384_1.fastq.gz,data/fastq/meta_analysis/guo2022/atacseq/SRR15743384_2.fastq.gz,5
Guo_g183618_WT,data/fastq/meta_analysis/guo2022/atacseq/SRR15743385_1.fastq.gz,data/fastq/meta_analysis/guo2022/atacseq/SRR15743385_2.fastq.gz,6
Guo_g183618_WT,data/fastq/meta_analysis/guo2022/atacseq/SRR15743386_1.fastq.gz,data/fastq/meta_analysis/guo2022/atacseq/SRR15743386_2.fastq.gz,1
Guo_g183618_WT,data/fastq/meta_analysis/guo2022/atacseq/SRR15743396_1.fastq.gz,data/fastq/meta_analysis/guo2022/atacseq/SRR15743396_2.fastq.gz,2
Guo_g183618_WT,data/fastq/meta_analysis/guo2022/atacseq/SRR15743397_1.fastq.gz,data/fastq/meta_analysis/guo2022/atacseq/SRR15743397_2.fastq.gz,2
Guo_g183618_WT,data/fastq/meta_analysis/guo2022/atacseq/SRR15743398_1.fastq.gz,data/fastq/meta_analysis/guo2022/atacseq/SRR15743398_2.fastq.gz,2
Guo_g183618_WT,data/fastq/meta_analysis/guo2022/atacseq/SRR15743399_1.fastq.gz,data/fastq/meta_analysis/guo2022/atacseq/SRR15743399_2.fastq.gz,3
Guo_g183618_WT,data/fastq/meta_analysis/guo2022/atacseq/SRR15743400_1.fastq.gz,data/fastq/meta_analysis/guo2022/atacseq/SRR15743400_2.fastq.gz,3
Guo_g183618_WT,data/fastq/meta_analysis/guo2022/atacseq/SRR15743401_1.fastq.gz,data/fastq/meta_analysis/guo2022/atacseq/SRR15743401_2.fastq.gz,3
Guo_g183618_WT,data/fastq/meta_analysis/guo2022/atacseq/SRR15743402_1.fastq.gz,data/fastq/meta_analysis/guo2022/atacseq/SRR15743402_2.fastq.gz,4
Guo_g183618_WT,data/fastq/meta_analysis/guo2022/atacseq/SRR15743403_1.fastq.gz,data/fastq/meta_analysis/guo2022/atacseq/SRR15743403_2.fastq.gz,4
Guo_g183618_WT,data/fastq/meta_analysis/guo2022/atacseq/SRR15743404_1.fastq.gz,data/fastq/meta_analysis/guo2022/atacseq/SRR15743404_2.fastq.gz,4
Guo_g198894_vehKO,data/fastq/meta_analysis/guo2022/atacseq/SRR18360573_1.fastq.gz,data/fastq/meta_analysis/guo2022/atacseq/SRR18360573_2.fastq.gz,3
Guo_g198894_vehKO,data/fastq/meta_analysis/guo2022/atacseq/SRR18360574_1.fastq.gz,data/fastq/meta_analysis/guo2022/atacseq/SRR18360574_2.fastq.gz,3
Guo_g198894_vehKO,data/fastq/meta_analysis/guo2022/atacseq/SRR18360571_1.fastq.gz,data/fastq/meta_analysis/guo2022/atacseq/SRR18360571_2.fastq.gz,2
Guo_g198894_vehKO,data/fastq/meta_analysis/guo2022/atacseq/SRR18360572_1.fastq.gz,data/fastq/meta_analysis/guo2022/atacseq/SRR18360572_2.fastq.gz,2
Guo_g198894_vehKO,data/fastq/meta_analysis/guo2022/atacseq/SRR18360569_1.fastq.gz,data/fastq/meta_analysis/guo2022/atacseq/SRR18360569_2.fastq.gz,1
Guo_g198894_vehKO,data/fastq/meta_analysis/guo2022/atacseq/SRR18360570_1.fastq.gz,data/fastq/meta_analysis/guo2022/atacseq/SRR18360570_2.fastq.gz,1
Guo_g198894_vehWT,data/fastq/meta_analysis/guo2022/atacseq/SRR18360567_1.fastq.gz,data/fastq/meta_analysis/guo2022/atacseq/SRR18360567_2.fastq.gz,3
Guo_g198894_vehWT,data/fastq/meta_analysis/guo2022/atacseq/SRR18360568_1.fastq.gz,data/fastq/meta_analysis/guo2022/atacseq/SRR18360568_2.fastq.gz,3
Guo_g198894_vehWT,data/fastq/meta_analysis/guo2022/atacseq/SRR18360565_1.fastq.gz,data/fastq/meta_analysis/guo2022/atacseq/SRR18360565_2.fastq.gz,2
Guo_g198894_vehWT,data/fastq/meta_analysis/guo2022/atacseq/SRR18360566_1.fastq.gz,data/fastq/meta_analysis/guo2022/atacseq/SRR18360566_2.fastq.gz,2
Guo_g198894_vehWT,data/fastq/meta_analysis/guo2022/atacseq/SRR18360563_1.fastq.gz,data/fastq/meta_analysis/guo2022/atacseq/SRR18360563_2.fastq.gz,1
Guo_g198894_vehWT,data/fastq/meta_analysis/guo2022/atacseq/SRR18360564_1.fastq.gz,data/fastq/meta_analysis/guo2022/atacseq/SRR18360564_2.fastq.gz,1
Guo_g198894_inhib,data/fastq/meta_analysis/guo2022/atacseq/SRR18360579_1.fastq.gz,data/fastq/meta_analysis/guo2022/atacseq/SRR18360579_2.fastq.gz,1
Guo_g198894_inhib,data/fastq/meta_analysis/guo2022/atacseq/SRR18360580_1.fastq.gz,data/fastq/meta_analysis/guo2022/atacseq/SRR18360580_2.fastq.gz,1
Guo_g198894_inhib,data/fastq/meta_analysis/guo2022/atacseq/SRR18360577_1.fastq.gz,data/fastq/meta_analysis/guo2022/atacseq/SRR18360577_2.fastq.gz,3
Guo_g198894_inhib,data/fastq/meta_analysis/guo2022/atacseq/SRR18360578_1.fastq.gz,data/fastq/meta_analysis/guo2022/atacseq/SRR18360578_2.fastq.gz,3
Guo_g198894_inhib,data/fastq/meta_analysis/guo2022/atacseq/SRR18360575_1.fastq.gz,data/fastq/meta_analysis/guo2022/atacseq/SRR18360575_2.fastq.gz,2
Guo_g198894_inhib,data/fastq/meta_analysis/guo2022/atacseq/SRR18360576_1.fastq.gz,data/fastq/meta_analysis/guo2022/atacseq/SRR18360576_2.fastq.gz,2
