sample,fastq_1,fastq_2,strandedness
D3_KO_Rep1,data/fastq/rnaseq/SRR23901533.fastq.gz,,reverse
D3_KO_Rep2,data/fastq/rnaseq/SRR23901532.fastq.gz,,reverse
D3_KO_Rep3,data/fastq/rnaseq/SRR23901531.fastq.gz,,reverse
D3_WT_Rep1,data/fastq/rnaseq/SRR23901535.fastq.gz,,reverse
D3_WT_Rep2,data/fastq/rnaseq/SRR23901534.fastq.gz,,reverse
D5_WT_Rep1,data/fastq/rnaseq/SRR23901530.fastq.gz,,reverse
D5_WT_Rep2,data/fastq/rnaseq/SRR23901529.fastq.gz,,reverse
D5_WT_Rep3,data/fastq/rnaseq/SRR23901528.fastq.gz,,reverse
D8_Het_EEC_Rep1,data/fastq/rnaseq/SRR23901518.fastq.gz,,reverse
D8_Het_EEC_Rep2,data/fastq/rnaseq/SRR23901517.fastq.gz,,reverse
D8_Het_EEC_Rep3,data/fastq/rnaseq/SRR23901516.fastq.gz,,reverse
D8_Het_MP_Rep1,data/fastq/rnaseq/SRR23901515.fastq.gz,,reverse
D8_Het_MP_Rep2,data/fastq/rnaseq/SRR23901514.fastq.gz,,reverse
D8_Het_MP_Rep3,data/fastq/rnaseq/SRR23901513.fastq.gz,,reverse
D8_Het_TE_Rep1,data/fastq/rnaseq/SRR23901521.fastq.gz,,reverse
D8_Het_TE_Rep2,data/fastq/rnaseq/SRR23901520.fastq.gz,,reverse
D8_Het_TE_Rep3,data/fastq/rnaseq/SRR23901519.fastq.gz,,reverse
D8_KO_EEC_Rep1,data/fastq/rnaseq/SRR23901510.fastq.gz,,reverse
D8_KO_EEC_Rep2,data/fastq/rnaseq/SRR23901509.fastq.gz,,reverse
D8_KO_EEC_Rep3,data/fastq/rnaseq/SRR23901508.fastq.gz,,reverse
D8_KO_MP_Rep1,data/fastq/rnaseq/SRR23901507.fastq.gz,,reverse
D8_KO_MP_Rep2,data/fastq/rnaseq/SRR23901506.fastq.gz,,reverse
D8_KO_TE_Rep1,data/fastq/rnaseq/SRR23901512.fastq.gz,,reverse
D8_KO_TE_Rep2,data/fastq/rnaseq/SRR23901511.fastq.gz,,reverse
D8_WT_EEC_Rep1,data/fastq/rnaseq/SRR23901525.fastq.gz,,reverse
D8_WT_EEC_Rep2,data/fastq/rnaseq/SRR23901524.fastq.gz,,reverse
D8_WT_MP_Rep1,data/fastq/rnaseq/SRR23901523.fastq.gz,,reverse
D8_WT_MP_Rep2,data/fastq/rnaseq/SRR23901522.fastq.gz,,reverse
D8_WT_TE_Rep1,data/fastq/rnaseq/SRR23901527.fastq.gz,,reverse
D8_WT_TE_Rep2,data/fastq/rnaseq/SRR23901526.fastq.gz,,reverse
