scope_tag	study	assay	datatype	run	url	md5	dest_path
cmyc	Guo2022	RNA	bulk	SRR15743352	ftp.sra.ebi.ac.uk/vol1/fastq/SRR157/052/SRR15743352/SRR15743352_1.fastq.gz	5b010ca018a70290af5c46a557c73ec2	data/fastq/meta_analysis/guo2022/rnaseq/SRR15743352_1.fastq.gz
cmyc	Guo2022	RNA	bulk	SRR15743352	ftp.sra.ebi.ac.uk/vol1/fastq/SRR157/052/SRR15743352/SRR15743352_2.fastq.gz	b6651e5846b22b7c66142044bffc2c6e	data/fastq/meta_analysis/guo2022/rnaseq/SRR15743352_2.fastq.gz
cmyc	Guo2022	RNA	bulk	SRR15743354	ftp.sra.ebi.ac.uk/vol1/fastq/SRR157/054/SRR15743354/SRR15743354_1.fastq.gz	e4ab4569cb6b4b7202116be79d88458d	data/fastq/meta_analysis/guo2022/rnaseq/SRR15743354_1.fastq.gz
cmyc	Guo2022	RNA	bulk	SRR15743354	ftp.sra.ebi.ac.uk/vol1/fastq/SRR157/054/SRR15743354/SRR15743354_2.fastq.gz	dfbce64200091e20332502b3fd296e63	data/fastq/meta_analysis/guo2022/rnaseq/SRR15743354_2.fastq.gz
cmyc	Guo2022	RNA	bulk	SRR15743356	ftp.sra.ebi.ac.uk/vol1/fastq/SRR157/056/SRR15743356/SRR15743356_1.fastq.gz	34e6f2722b5378984065c1f24649e027	data/fastq/meta_analysis/guo2022/rnaseq/SRR15743356_1.fastq.gz
cmyc	Guo2022	RNA	bulk	SRR15743356	ftp.sra.ebi.ac.uk/vol1/fastq/SRR157/056/SRR15743356/SRR15743356_2.fastq.gz	6092b1cfe8ca02e78e8d0ad2afacf75f	data/fastq/meta_analysis/guo2022/rnaseq/SRR15743356_2.fastq.gz
cmyc	Guo2022	RNA	bulk	SRR15743357	ftp.sra.ebi.ac.uk/vol1/fastq/SRR157/057/SRR15743357/SRR15743357_1.fastq.gz	b1b60fb3c8e2cda146485e2a70fe0554	data/fastq/meta_analysis/guo2022/rnaseq/SRR15743357_1.fastq.gz
cmyc	Guo2022	RNA	bulk	SRR15743357	ftp.sra.ebi.ac.uk/vol1/fastq/SRR157/057/SRR15743357/SRR15743357_2.fastq.gz	fa792264b24780cf07b637568960ac26	data/fastq/meta_analysis/guo2022/rnaseq/SRR15743357_2.fastq.gz
cmyc	Guo2022	RNA	bulk	SRR15743358	ftp.sra.ebi.ac.uk/vol1/fastq/SRR157/058/SRR15743358/SRR15743358_1.fastq.gz	09d88f4d691859daedaed506a17dccf1	data/fastq/meta_analysis/guo2022/rnaseq/SRR15743358_1.fastq.gz
cmyc	Guo2022	RNA	bulk	SRR15743358	ftp.sra.ebi.ac.uk/vol1/fastq/SRR157/058/SRR15743358/SRR15743358_2.fastq.gz	bcef59aa16e4508309d7ff0838846d50	data/fastq/meta_analysis/guo2022/rnaseq/SRR15743358_2.fastq.gz
cmyc	Guo2022	RNA	bulk	SRR15743360	ftp.sra.ebi.ac.uk/vol1/fastq/SRR157/060/SRR15743360/SRR15743360_1.fastq.gz	07803de23da59f8ec2f1a5bf18828b79	data/fastq/meta_analysis/guo2022/rnaseq/SRR15743360_1.fastq.gz
cmyc	Guo2022	RNA	bulk	SRR15743360	ftp.sra.ebi.ac.uk/vol1/fastq/SRR157/060/SRR15743360/SRR15743360_2.fastq.gz	37ecef068b79cacbb3be7c6b4c8e96f1	data/fastq/meta_analysis/guo2022/rnaseq/SRR15743360_2.fastq.gz
arid1a	Guo2022	RNA	bulk	SRR15743363	ftp.sra.ebi.ac.uk/vol1/fastq/SRR157/063/SRR15743363/SRR15743363_1.fastq.gz	9f7f4fd17f7d0ccc04362facd0e6492b	data/fastq/meta_analysis/guo2022/rnaseq/SRR15743363_1.fastq.gz
arid1a	Guo2022	RNA	bulk	SRR15743363	ftp.sra.ebi.ac.uk/vol1/fastq/SRR157/063/SRR15743363/SRR15743363_2.fastq.gz	8e4971888c8371a49a3bf727fb046bb9	data/fastq/meta_analysis/guo2022/rnaseq/SRR15743363_2.fastq.gz
arid1a	Guo2022	RNA	bulk	SRR15743370	ftp.sra.ebi.ac.uk/vol1/fastq/SRR157/070/SRR15743370/SRR15743370_1.fastq.gz	29da79dbbfa3e464dd59b296d69cff28	data/fastq/meta_analysis/guo2022/rnaseq/SRR15743370_1.fastq.gz
arid1a	Guo2022	RNA	bulk	SRR15743370	ftp.sra.ebi.ac.uk/vol1/fastq/SRR157/070/SRR15743370/SRR15743370_2.fastq.gz	857d69b9aa119b8482b889f30c3c6e94	data/fastq/meta_analysis/guo2022/rnaseq/SRR15743370_2.fastq.gz
cmyc	Guo2022	RNA	bulk	SRR15743372	ftp.sra.ebi.ac.uk/vol1/fastq/SRR157/072/SRR15743372/SRR15743372_1.fastq.gz	b286f23fe45aa38c41c9bc3cde2fa7cb	data/fastq/meta_analysis/guo2022/rnaseq/SRR15743372_1.fastq.gz
cmyc	Guo2022	RNA	bulk	SRR15743372	ftp.sra.ebi.ac.uk/vol1/fastq/SRR157/072/SRR15743372/SRR15743372_2.fastq.gz	d098933bd0d0cffa228f8c025661340a	data/fastq/meta_analysis/guo2022/rnaseq/SRR15743372_2.fastq.gz
cmyc	Guo2022	RNA	bulk	SRR15743376	ftp.sra.ebi.ac.uk/vol1/fastq/SRR157/076/SRR15743376/SRR15743376_1.fastq.gz	dd086555eea60242997cb49eb036f6a5	data/fastq/meta_analysis/guo2022/rnaseq/SRR15743376_1.fastq.gz
cmyc	Guo2022	RNA	bulk	SRR15743376	ftp.sra.ebi.ac.uk/vol1/fastq/SRR157/076/SRR15743376/SRR15743376_2.fastq.gz	627d93033e44ffec0e6e5073392ed98c	data/fastq/meta_analysis/guo2022/rnaseq/SRR15743376_2.fastq.gz
cmyc	Guo2022	RNA	bulk	SRR15743379	ftp.sra.ebi.ac.uk/vol1/fastq/SRR157/079/SRR15743379/SRR15743379_1.fastq.gz	6265fe0ea2cbfe1f6520b03f3007b993	data/fastq/meta_analysis/guo2022/rnaseq/SRR15743379_1.fastq.gz
cmyc	Guo2022	RNA	bulk	SRR15743379	ftp.sra.ebi.ac.uk/vol1/fastq/SRR157/079/SRR15743379/SRR15743379_2.fastq.gz	27adf2a023fee9c0a904bafba56b13e3	data/fastq/meta_analysis/guo2022/rnaseq/SRR15743379_2.fastq.gz
cmyc	Guo2022	RNA	bulk	SRR15743351	ftp.sra.ebi.ac.uk/vol1/fastq/SRR157/051/SRR15743351/SRR15743351_1.fastq.gz	e079e688bfd5af84d5ce0696e16d4073	data/fastq/meta_analysis/guo2022/rnaseq/SRR15743351_1.fastq.gz
cmyc	Guo2022	RNA	bulk	SRR15743351	ftp.sra.ebi.ac.uk/vol1/fastq/SRR157/051/SRR15743351/SRR15743351_2.fastq.gz	ef49235d650b9031e452c7033af5202e	data/fastq/meta_analysis/guo2022/rnaseq/SRR15743351_2.fastq.gz
cmyc	Guo2022	RNA	bulk	SRR15743353	ftp.sra.ebi.ac.uk/vol1/fastq/SRR157/053/SRR15743353/SRR15743353_1.fastq.gz	d2b5c6ce26acefb332b10e983e85fb57	data/fastq/meta_analysis/guo2022/rnaseq/SRR15743353_1.fastq.gz
cmyc	Guo2022	RNA	bulk	SRR15743353	ftp.sra.ebi.ac.uk/vol1/fastq/SRR157/053/SRR15743353/SRR15743353_2.fastq.gz	7957602703460e0829310c191a5234a4	data/fastq/meta_analysis/guo2022/rnaseq/SRR15743353_2.fastq.gz
cmyc	Guo2022	RNA	bulk	SRR15743355	ftp.sra.ebi.ac.uk/vol1/fastq/SRR157/055/SRR15743355/SRR15743355_1.fastq.gz	ddc8bffa243921bdf8693fcb2ac482f9	data/fastq/meta_analysis/guo2022/rnaseq/SRR15743355_1.fastq.gz
cmyc	Guo2022	RNA	bulk	SRR15743355	ftp.sra.ebi.ac.uk/vol1/fastq/SRR157/055/SRR15743355/SRR15743355_2.fastq.gz	fcc21cc9cfc1dc0099c3a6dfa89240a0	data/fastq/meta_analysis/guo2022/rnaseq/SRR15743355_2.fastq.gz
cmyc	Guo2022	RNA	bulk	SRR15743359	ftp.sra.ebi.ac.uk/vol1/fastq/SRR157/059/SRR15743359/SRR15743359_1.fastq.gz	5a32244f83d67eb3f25513f24a2d49f1	data/fastq/meta_analysis/guo2022/rnaseq/SRR15743359_1.fastq.gz
cmyc	Guo2022	RNA	bulk	SRR15743359	ftp.sra.ebi.ac.uk/vol1/fastq/SRR157/059/SRR15743359/SRR15743359_2.fastq.gz	dad92faeaea77b3f151eb95e85216710	data/fastq/meta_analysis/guo2022/rnaseq/SRR15743359_2.fastq.gz
arid1a	Guo2022	RNA	bulk	SRR15743362	ftp.sra.ebi.ac.uk/vol1/fastq/SRR157/062/SRR15743362/SRR15743362_1.fastq.gz	3710c83f8b9575037eb9d30b0ad92866	data/fastq/meta_analysis/guo2022/rnaseq/SRR15743362_1.fastq.gz
arid1a	Guo2022	RNA	bulk	SRR15743362	ftp.sra.ebi.ac.uk/vol1/fastq/SRR157/062/SRR15743362/SRR15743362_2.fastq.gz	0caef46a8fcaade920173a6e641f5210	data/fastq/meta_analysis/guo2022/rnaseq/SRR15743362_2.fastq.gz
arid1a	Guo2022	RNA	bulk	SRR15743364	ftp.sra.ebi.ac.uk/vol1/fastq/SRR157/064/SRR15743364/SRR15743364_1.fastq.gz	28f32b515670e84b846970a8f6abe1ba	data/fastq/meta_analysis/guo2022/rnaseq/SRR15743364_1.fastq.gz
arid1a	Guo2022	RNA	bulk	SRR15743364	ftp.sra.ebi.ac.uk/vol1/fastq/SRR157/064/SRR15743364/SRR15743364_2.fastq.gz	3136054e251c36beb364f80c901cb0c6	data/fastq/meta_analysis/guo2022/rnaseq/SRR15743364_2.fastq.gz
cmyc	Guo2022	RNA	bulk	SRR15743361	ftp.sra.ebi.ac.uk/vol1/fastq/SRR157/061/SRR15743361/SRR15743361_1.fastq.gz	89eebde687a3537f228bb69f9b34360f	data/fastq/meta_analysis/guo2022/rnaseq/SRR15743361_1.fastq.gz
cmyc	Guo2022	RNA	bulk	SRR15743361	ftp.sra.ebi.ac.uk/vol1/fastq/SRR157/061/SRR15743361/SRR15743361_2.fastq.gz	da63b26e98b71d78d3cec8261f0ecbda	data/fastq/meta_analysis/guo2022/rnaseq/SRR15743361_2.fastq.gz
arid1a	Guo2022	RNA	bulk	SRR15743368	ftp.sra.ebi.ac.uk/vol1/fastq/SRR157/068/SRR15743368/SRR15743368_1.fastq.gz	cdb84dc14d28de8ff73cfdbe0db962ea	data/fastq/meta_analysis/guo2022/rnaseq/SRR15743368_1.fastq.gz
arid1a	Guo2022	RNA	bulk	SRR15743368	ftp.sra.ebi.ac.uk/vol1/fastq/SRR157/068/SRR15743368/SRR15743368_2.fastq.gz	d8f5509d70278562fd853b8ed5696603	data/fastq/meta_analysis/guo2022/rnaseq/SRR15743368_2.fastq.gz
arid1a	Guo2022	RNA	bulk	SRR15743365	ftp.sra.ebi.ac.uk/vol1/fastq/SRR157/065/SRR15743365/SRR15743365_1.fastq.gz	c944ae6d47e6286c81a152d1ab691f3e	data/fastq/meta_analysis/guo2022/rnaseq/SRR15743365_1.fastq.gz
arid1a	Guo2022	RNA	bulk	SRR15743365	ftp.sra.ebi.ac.uk/vol1/fastq/SRR157/065/SRR15743365/SRR15743365_2.fastq.gz	ebcb4519ac127d34abcf5292c7a4349c	data/fastq/meta_analysis/guo2022/rnaseq/SRR15743365_2.fastq.gz
cmyc	Guo2022	RNA	bulk	SRR15743380	ftp.sra.ebi.ac.uk/vol1/fastq/SRR157/080/SRR15743380/SRR15743380_1.fastq.gz	945783a0a856d615a7da39e9d172835f	data/fastq/meta_analysis/guo2022/rnaseq/SRR15743380_1.fastq.gz
cmyc	Guo2022	RNA	bulk	SRR15743380	ftp.sra.ebi.ac.uk/vol1/fastq/SRR157/080/SRR15743380/SRR15743380_2.fastq.gz	f285e5d116196ec76883eacc55608403	data/fastq/meta_analysis/guo2022/rnaseq/SRR15743380_2.fastq.gz
arid1a	Guo2022	RNA	bulk	SRR15743366	ftp.sra.ebi.ac.uk/vol1/fastq/SRR157/066/SRR15743366/SRR15743366_1.fastq.gz	7f1f8cc3f0a8c7b0740dd38aaa1ae865	data/fastq/meta_analysis/guo2022/rnaseq/SRR15743366_1.fastq.gz
arid1a	Guo2022	RNA	bulk	SRR15743366	ftp.sra.ebi.ac.uk/vol1/fastq/SRR157/066/SRR15743366/SRR15743366_2.fastq.gz	44b18f30f00c8c95d910a6e5c90ad121	data/fastq/meta_analysis/guo2022/rnaseq/SRR15743366_2.fastq.gz
arid1a	Guo2022	RNA	bulk	SRR15743367	ftp.sra.ebi.ac.uk/vol1/fastq/SRR157/067/SRR15743367/SRR15743367_1.fastq.gz	8cf826420e2e4a2685330a902e85ad23	data/fastq/meta_analysis/guo2022/rnaseq/SRR15743367_1.fastq.gz
arid1a	Guo2022	RNA	bulk	SRR15743367	ftp.sra.ebi.ac.uk/vol1/fastq/SRR157/067/SRR15743367/SRR15743367_2.fastq.gz	1faaee197fce9d21ef01f10e2c0fc167	data/fastq/meta_analysis/guo2022/rnaseq/SRR15743367_2.fastq.gz
arid1a	Guo2022	RNA	bulk	SRR15743369	ftp.sra.ebi.ac.uk/vol1/fastq/SRR157/069/SRR15743369/SRR15743369_1.fastq.gz	4392266b09087ec85fedaebbe222d421	data/fastq/meta_analysis/guo2022/rnaseq/SRR15743369_1.fastq.gz
arid1a	Guo2022	RNA	bulk	SRR15743369	ftp.sra.ebi.ac.uk/vol1/fastq/SRR157/069/SRR15743369/SRR15743369_2.fastq.gz	11e4ee3f2248bcdb25bf0c3ed6d8fa78	data/fastq/meta_analysis/guo2022/rnaseq/SRR15743369_2.fastq.gz
arid1a	Guo2022	RNA	bulk	SRR15743371	ftp.sra.ebi.ac.uk/vol1/fastq/SRR157/071/SRR15743371/SRR15743371_1.fastq.gz	ae67adabea612528b46ca99a57fea045	data/fastq/meta_analysis/guo2022/rnaseq/SRR15743371_1.fastq.gz
arid1a	Guo2022	RNA	bulk	SRR15743371	ftp.sra.ebi.ac.uk/vol1/fastq/SRR157/071/SRR15743371/SRR15743371_2.fastq.gz	9ac120887e2b946960b59b3e7e483425	data/fastq/meta_analysis/guo2022/rnaseq/SRR15743371_2.fastq.gz
cmyc	Guo2022	RNA	bulk	SRR15743373	ftp.sra.ebi.ac.uk/vol1/fastq/SRR157/073/SRR15743373/SRR15743373_1.fastq.gz	c9989a7377eb23c7a1eabacae1da2793	data/fastq/meta_analysis/guo2022/rnaseq/SRR15743373_1.fastq.gz
cmyc	Guo2022	RNA	bulk	SRR15743373	ftp.sra.ebi.ac.uk/vol1/fastq/SRR157/073/SRR15743373/SRR15743373_2.fastq.gz	35488f0c56535b00104609bf03a50b8d	data/fastq/meta_analysis/guo2022/rnaseq/SRR15743373_2.fastq.gz
cmyc	Guo2022	RNA	bulk	SRR15743374	ftp.sra.ebi.ac.uk/vol1/fastq/SRR157/074/SRR15743374/SRR15743374_1.fastq.gz	cb445d80127fafa31c6b3b4827cfa4ce	data/fastq/meta_analysis/guo2022/rnaseq/SRR15743374_1.fastq.gz
cmyc	Guo2022	RNA	bulk	SRR15743374	ftp.sra.ebi.ac.uk/vol1/fastq/SRR157/074/SRR15743374/SRR15743374_2.fastq.gz	a2d36616ad0fafe731de5e6272b3a575	data/fastq/meta_analysis/guo2022/rnaseq/SRR15743374_2.fastq.gz
cmyc	Guo2022	RNA	bulk	SRR15743375	ftp.sra.ebi.ac.uk/vol1/fastq/SRR157/075/SRR15743375/SRR15743375_1.fastq.gz	0db37fc47d468461fc55c12c186578bc	data/fastq/meta_analysis/guo2022/rnaseq/SRR15743375_1.fastq.gz
cmyc	Guo2022	RNA	bulk	SRR15743375	ftp.sra.ebi.ac.uk/vol1/fastq/SRR157/075/SRR15743375/SRR15743375_2.fastq.gz	07d2d02bf8e2a71b9ca58de6a4ab0841	data/fastq/meta_analysis/guo2022/rnaseq/SRR15743375_2.fastq.gz
cmyc	Guo2022	RNA	bulk	SRR15743377	ftp.sra.ebi.ac.uk/vol1/fastq/SRR157/077/SRR15743377/SRR15743377_1.fastq.gz	0cf32b625a47ac62771831b73a44e1f8	data/fastq/meta_analysis/guo2022/rnaseq/SRR15743377_1.fastq.gz
cmyc	Guo2022	RNA	bulk	SRR15743377	ftp.sra.ebi.ac.uk/vol1/fastq/SRR157/077/SRR15743377/SRR15743377_2.fastq.gz	446955606a794c671c8f986e1b725901	data/fastq/meta_analysis/guo2022/rnaseq/SRR15743377_2.fastq.gz
cmyc	Guo2022	RNA	bulk	SRR15743378	ftp.sra.ebi.ac.uk/vol1/fastq/SRR157/078/SRR15743378/SRR15743378_1.fastq.gz	4e78f58f3f858391cf52774ac5e89661	data/fastq/meta_analysis/guo2022/rnaseq/SRR15743378_1.fastq.gz
cmyc	Guo2022	RNA	bulk	SRR15743378	ftp.sra.ebi.ac.uk/vol1/fastq/SRR157/078/SRR15743378/SRR15743378_2.fastq.gz	0074d662cf652a0a69029a5b93f5f7c9	data/fastq/meta_analysis/guo2022/rnaseq/SRR15743378_2.fastq.gz
naive	Guo2022	ATAC	bulk	SRR15743336	ftp.sra.ebi.ac.uk/vol1/fastq/SRR157/036/SRR15743336/SRR15743336_1.fastq.gz	757cb30a56939bdf65c47dda58413c18	data/fastq/meta_analysis/guo2022/atacseq/SRR15743336_1.fastq.gz
naive	Guo2022	ATAC	bulk	SRR15743336	ftp.sra.ebi.ac.uk/vol1/fastq/SRR157/036/SRR15743336/SRR15743336_2.fastq.gz	fb480e7d871f39289ccb042f8d96ba4c	data/fastq/meta_analysis/guo2022/atacseq/SRR15743336_2.fastq.gz
naive	Guo2022	ATAC	bulk	SRR15743337	ftp.sra.ebi.ac.uk/vol1/fastq/SRR157/037/SRR15743337/SRR15743337_1.fastq.gz	1ca608f8b379057962173c9a02637855	data/fastq/meta_analysis/guo2022/atacseq/SRR15743337_1.fastq.gz
naive	Guo2022	ATAC	bulk	SRR15743337	ftp.sra.ebi.ac.uk/vol1/fastq/SRR157/037/SRR15743337/SRR15743337_2.fastq.gz	b4954e8c83dda2183a036bbcdb07c79f	data/fastq/meta_analysis/guo2022/atacseq/SRR15743337_2.fastq.gz
naive	Guo2022	ATAC	bulk	SRR15743339	ftp.sra.ebi.ac.uk/vol1/fastq/SRR157/039/SRR15743339/SRR15743339_1.fastq.gz	e19bee9c505cd09fc38abc94ade6514d	data/fastq/meta_analysis/guo2022/atacseq/SRR15743339_1.fastq.gz
naive	Guo2022	ATAC	bulk	SRR15743339	ftp.sra.ebi.ac.uk/vol1/fastq/SRR157/039/SRR15743339/SRR15743339_2.fastq.gz	3546b22e60befad1519dfcdb3d0e7580	data/fastq/meta_analysis/guo2022/atacseq/SRR15743339_2.fastq.gz
cmyc	Guo2022	ATAC	bulk	SRR15743343	ftp.sra.ebi.ac.uk/vol1/fastq/SRR157/043/SRR15743343/SRR15743343_1.fastq.gz	d9eeea41ed506c187023d89c56405307	data/fastq/meta_analysis/guo2022/atacseq/SRR15743343_1.fastq.gz
cmyc	Guo2022	ATAC	bulk	SRR15743343	ftp.sra.ebi.ac.uk/vol1/fastq/SRR157/043/SRR15743343/SRR15743343_2.fastq.gz	4ab7a80fd8ca0e3029f5dd4d9972ce66	data/fastq/meta_analysis/guo2022/atacseq/SRR15743343_2.fastq.gz
cmyc	Guo2022	ATAC	bulk	SRR15743344	ftp.sra.ebi.ac.uk/vol1/fastq/SRR157/044/SRR15743344/SRR15743344_1.fastq.gz	6e4f845216217000a29c7964b8d01fe8	data/fastq/meta_analysis/guo2022/atacseq/SRR15743344_1.fastq.gz
cmyc	Guo2022	ATAC	bulk	SRR15743344	ftp.sra.ebi.ac.uk/vol1/fastq/SRR157/044/SRR15743344/SRR15743344_2.fastq.gz	9ccdabc156612e685caab2b3df658403	data/fastq/meta_analysis/guo2022/atacseq/SRR15743344_2.fastq.gz
cmyc	Guo2022	ATAC	bulk	SRR15743346	ftp.sra.ebi.ac.uk/vol1/fastq/SRR157/046/SRR15743346/SRR15743346_1.fastq.gz	129558ae7c8850f42be6689f91e72f6b	data/fastq/meta_analysis/guo2022/atacseq/SRR15743346_1.fastq.gz
cmyc	Guo2022	ATAC	bulk	SRR15743346	ftp.sra.ebi.ac.uk/vol1/fastq/SRR157/046/SRR15743346/SRR15743346_2.fastq.gz	34f83b249ba9b4ef1d78e83a0227aa01	data/fastq/meta_analysis/guo2022/atacseq/SRR15743346_2.fastq.gz
cmyc	Guo2022	ATAC	bulk	SRR15743347	ftp.sra.ebi.ac.uk/vol1/fastq/SRR157/047/SRR15743347/SRR15743347_1.fastq.gz	1f0e383a232922bc00b1064b6c35ebe7	data/fastq/meta_analysis/guo2022/atacseq/SRR15743347_1.fastq.gz
cmyc	Guo2022	ATAC	bulk	SRR15743347	ftp.sra.ebi.ac.uk/vol1/fastq/SRR157/047/SRR15743347/SRR15743347_2.fastq.gz	084ca96059bc239206eb12f807b9f9d2	data/fastq/meta_analysis/guo2022/atacseq/SRR15743347_2.fastq.gz
cmyc	Guo2022	ATAC	bulk	SRR15743349	ftp.sra.ebi.ac.uk/vol1/fastq/SRR157/049/SRR15743349/SRR15743349_1.fastq.gz	50d6dcddd669ee96681b0404b342f68e	data/fastq/meta_analysis/guo2022/atacseq/SRR15743349_1.fastq.gz
cmyc	Guo2022	ATAC	bulk	SRR15743349	ftp.sra.ebi.ac.uk/vol1/fastq/SRR157/049/SRR15743349/SRR15743349_2.fastq.gz	f9a0bee8bce8da677e1cf0035613a684	data/fastq/meta_analysis/guo2022/atacseq/SRR15743349_2.fastq.gz
cmyc	Guo2022	ATAC	bulk	SRR15743340	ftp.sra.ebi.ac.uk/vol1/fastq/SRR157/040/SRR15743340/SRR15743340_1.fastq.gz	d49774359e22699a51acbc71a31d62f0	data/fastq/meta_analysis/guo2022/atacseq/SRR15743340_1.fastq.gz
cmyc	Guo2022	ATAC	bulk	SRR15743340	ftp.sra.ebi.ac.uk/vol1/fastq/SRR157/040/SRR15743340/SRR15743340_2.fastq.gz	484751f674dfe4e12180b3d6977691e5	data/fastq/meta_analysis/guo2022/atacseq/SRR15743340_2.fastq.gz
cmyc	Guo2022	ATAC	bulk	SRR15743348	ftp.sra.ebi.ac.uk/vol1/fastq/SRR157/048/SRR15743348/SRR15743348_1.fastq.gz	e9e07ebaf878053140a4e3fdc1b0641b	data/fastq/meta_analysis/guo2022/atacseq/SRR15743348_1.fastq.gz
cmyc	Guo2022	ATAC	bulk	SRR15743348	ftp.sra.ebi.ac.uk/vol1/fastq/SRR157/048/SRR15743348/SRR15743348_2.fastq.gz	7772841600e0b2196a7457686116286c	data/fastq/meta_analysis/guo2022/atacseq/SRR15743348_2.fastq.gz
cmyc	Guo2022	ATAC	bulk	SRR15743350	ftp.sra.ebi.ac.uk/vol1/fastq/SRR157/050/SRR15743350/SRR15743350_1.fastq.gz	6c500b2f045c07aef932366aba935aeb	data/fastq/meta_analysis/guo2022/atacseq/SRR15743350_1.fastq.gz
cmyc	Guo2022	ATAC	bulk	SRR15743350	ftp.sra.ebi.ac.uk/vol1/fastq/SRR157/050/SRR15743350/SRR15743350_2.fastq.gz	0e8da426a456fdc51c4122ad078d8c66	data/fastq/meta_analysis/guo2022/atacseq/SRR15743350_2.fastq.gz
cmyc	Guo2022	ATAC	bulk	SRR15743333	ftp.sra.ebi.ac.uk/vol1/fastq/SRR157/033/SRR15743333/SRR15743333_1.fastq.gz	9b26638569a5efd72a6ba8e85c342552	data/fastq/meta_analysis/guo2022/atacseq/SRR15743333_1.fastq.gz
cmyc	Guo2022	ATAC	bulk	SRR15743333	ftp.sra.ebi.ac.uk/vol1/fastq/SRR157/033/SRR15743333/SRR15743333_2.fastq.gz	aa992fc6b84c5fb0c974b2a8c9661d74	data/fastq/meta_analysis/guo2022/atacseq/SRR15743333_2.fastq.gz
naive	Guo2022	ATAC	bulk	SRR15743334	ftp.sra.ebi.ac.uk/vol1/fastq/SRR157/034/SRR15743334/SRR15743334_1.fastq.gz	c345cd46ca4574dba6160b93ae98d094	data/fastq/meta_analysis/guo2022/atacseq/SRR15743334_1.fastq.gz
naive	Guo2022	ATAC	bulk	SRR15743334	ftp.sra.ebi.ac.uk/vol1/fastq/SRR157/034/SRR15743334/SRR15743334_2.fastq.gz	a5ba866b1f090be955618f22814806be	data/fastq/meta_analysis/guo2022/atacseq/SRR15743334_2.fastq.gz
naive	Guo2022	ATAC	bulk	SRR15743335	ftp.sra.ebi.ac.uk/vol1/fastq/SRR157/035/SRR15743335/SRR15743335_1.fastq.gz	3352f9a183f9c26b77f76f9c536736e1	data/fastq/meta_analysis/guo2022/atacseq/SRR15743335_1.fastq.gz
naive	Guo2022	ATAC	bulk	SRR15743335	ftp.sra.ebi.ac.uk/vol1/fastq/SRR157/035/SRR15743335/SRR15743335_2.fastq.gz	34c4c683fab9aa4ff324579ab4221e6a	data/fastq/meta_analysis/guo2022/atacseq/SRR15743335_2.fastq.gz
naive	Guo2022	ATAC	bulk	SRR15743338	ftp.sra.ebi.ac.uk/vol1/fastq/SRR157/038/SRR15743338/SRR15743338_1.fastq.gz	e5e467b99856e8e3eff94e4f947690b2	data/fastq/meta_analysis/guo2022/atacseq/SRR15743338_1.fastq.gz
naive	Guo2022	ATAC	bulk	SRR15743338	ftp.sra.ebi.ac.uk/vol1/fastq/SRR157/038/SRR15743338/SRR15743338_2.fastq.gz	698f73bad972fdaabff263bd3f267530	data/fastq/meta_analysis/guo2022/atacseq/SRR15743338_2.fastq.gz
cmyc	Guo2022	ATAC	bulk	SRR15743341	ftp.sra.ebi.ac.uk/vol1/fastq/SRR157/041/SRR15743341/SRR15743341_1.fastq.gz	51d48c570dda98d2876f830a3d806d83	data/fastq/meta_analysis/guo2022/atacseq/SRR15743341_1.fastq.gz
cmyc	Guo2022	ATAC	bulk	SRR15743341	ftp.sra.ebi.ac.uk/vol1/fastq/SRR157/041/SRR15743341/SRR15743341_2.fastq.gz	530e3b0aabd1cd10939d8c633b647b0e	data/fastq/meta_analysis/guo2022/atacseq/SRR15743341_2.fastq.gz
cmyc	Guo2022	ATAC	bulk	SRR15743342	ftp.sra.ebi.ac.uk/vol1/fastq/SRR157/042/SRR15743342/SRR15743342_1.fastq.gz	50fd16818b304c3a43a842fd0561d57f	data/fastq/meta_analysis/guo2022/atacseq/SRR15743342_1.fastq.gz
cmyc	Guo2022	ATAC	bulk	SRR15743342	ftp.sra.ebi.ac.uk/vol1/fastq/SRR157/042/SRR15743342/SRR15743342_2.fastq.gz	6867422bdfe3cd5a997f1b2e8a62ed7c	data/fastq/meta_analysis/guo2022/atacseq/SRR15743342_2.fastq.gz
cmyc	Guo2022	ATAC	bulk	SRR15743345	ftp.sra.ebi.ac.uk/vol1/fastq/SRR157/045/SRR15743345/SRR15743345_1.fastq.gz	4793dbe54b94da7fc5394d792ba2f7c4	data/fastq/meta_analysis/guo2022/atacseq/SRR15743345_1.fastq.gz
cmyc	Guo2022	ATAC	bulk	SRR15743345	ftp.sra.ebi.ac.uk/vol1/fastq/SRR157/045/SRR15743345/SRR15743345_2.fastq.gz	a7cecd1233489aa9c562e0f77a1e9115	data/fastq/meta_analysis/guo2022/atacseq/SRR15743345_2.fastq.gz
arid1a	Guo2022	ATAC	bulk	SRR15743382	ftp.sra.ebi.ac.uk/vol1/fastq/SRR157/082/SRR15743382/SRR15743382_1.fastq.gz	42cf303e93bf7d8b395d458898dce1b0	data/fastq/meta_analysis/guo2022/atacseq/SRR15743382_1.fastq.gz
arid1a	Guo2022	ATAC	bulk	SRR15743382	ftp.sra.ebi.ac.uk/vol1/fastq/SRR157/082/SRR15743382/SRR15743382_2.fastq.gz	32ae4563f7dab80ff5654e1863105506	data/fastq/meta_analysis/guo2022/atacseq/SRR15743382_2.fastq.gz
arid1a	Guo2022	ATAC	bulk	SRR15743386	ftp.sra.ebi.ac.uk/vol1/fastq/SRR157/086/SRR15743386/SRR15743386_1.fastq.gz	d193bb8f9e33494337ef18683b9f0975	data/fastq/meta_analysis/guo2022/atacseq/SRR15743386_1.fastq.gz
arid1a	Guo2022	ATAC	bulk	SRR15743386	ftp.sra.ebi.ac.uk/vol1/fastq/SRR157/086/SRR15743386/SRR15743386_2.fastq.gz	c9c6f55e4c836ca9e50f2f9f7c14ecf8	data/fastq/meta_analysis/guo2022/atacseq/SRR15743386_2.fastq.gz
cmyc	Guo2022	ATAC	bulk	SRR15743389	ftp.sra.ebi.ac.uk/vol1/fastq/SRR157/089/SRR15743389/SRR15743389_1.fastq.gz	10179adf77de2127dad38ce1315f2286	data/fastq/meta_analysis/guo2022/atacseq/SRR15743389_1.fastq.gz
cmyc	Guo2022	ATAC	bulk	SRR15743389	ftp.sra.ebi.ac.uk/vol1/fastq/SRR157/089/SRR15743389/SRR15743389_2.fastq.gz	0428f2aad69f6fc335a66d15291b21bc	data/fastq/meta_analysis/guo2022/atacseq/SRR15743389_2.fastq.gz
cmyc	Guo2022	ATAC	bulk	SRR15743392	ftp.sra.ebi.ac.uk/vol1/fastq/SRR157/092/SRR15743392/SRR15743392_1.fastq.gz	0ed3f8448010d0d651aa90beed56d2bd	data/fastq/meta_analysis/guo2022/atacseq/SRR15743392_1.fastq.gz
cmyc	Guo2022	ATAC	bulk	SRR15743392	ftp.sra.ebi.ac.uk/vol1/fastq/SRR157/092/SRR15743392/SRR15743392_2.fastq.gz	47d7829b64a3547938fdd2b2152dd3a7	data/fastq/meta_analysis/guo2022/atacseq/SRR15743392_2.fastq.gz
cmyc	Guo2022	ATAC	bulk	SRR15743393	ftp.sra.ebi.ac.uk/vol1/fastq/SRR157/093/SRR15743393/SRR15743393_1.fastq.gz	77e4f862f80bc62ee6c5b3f4b24f35ec	data/fastq/meta_analysis/guo2022/atacseq/SRR15743393_1.fastq.gz
cmyc	Guo2022	ATAC	bulk	SRR15743393	ftp.sra.ebi.ac.uk/vol1/fastq/SRR157/093/SRR15743393/SRR15743393_2.fastq.gz	a56ef652641b9226029d38e425815ac3	data/fastq/meta_analysis/guo2022/atacseq/SRR15743393_2.fastq.gz
arid1a	Guo2022	ATAC	bulk	SRR15743396	ftp.sra.ebi.ac.uk/vol1/fastq/SRR157/096/SRR15743396/SRR15743396_1.fastq.gz	8a3508c2fbabb04997d284c2093fcadf	data/fastq/meta_analysis/guo2022/atacseq/SRR15743396_1.fastq.gz
arid1a	Guo2022	ATAC	bulk	SRR15743396	ftp.sra.ebi.ac.uk/vol1/fastq/SRR157/096/SRR15743396/SRR15743396_2.fastq.gz	a128281c7cea41496e26a73ae60f1429	data/fastq/meta_analysis/guo2022/atacseq/SRR15743396_2.fastq.gz
arid1a	Guo2022	ATAC	bulk	SRR15743397	ftp.sra.ebi.ac.uk/vol1/fastq/SRR157/097/SRR15743397/SRR15743397_1.fastq.gz	a54b6444cde86905c1b757402eea65ab	data/fastq/meta_analysis/guo2022/atacseq/SRR15743397_1.fastq.gz
arid1a	Guo2022	ATAC	bulk	SRR15743397	ftp.sra.ebi.ac.uk/vol1/fastq/SRR157/097/SRR15743397/SRR15743397_2.fastq.gz	985c240ef85d9b54d4bb4afca56b35f5	data/fastq/meta_analysis/guo2022/atacseq/SRR15743397_2.fastq.gz
arid1a	Guo2022	ATAC	bulk	SRR15743398	ftp.sra.ebi.ac.uk/vol1/fastq/SRR157/098/SRR15743398/SRR15743398_1.fastq.gz	cf4c4f6a2860d59c09ce50403a187915	data/fastq/meta_analysis/guo2022/atacseq/SRR15743398_1.fastq.gz
arid1a	Guo2022	ATAC	bulk	SRR15743398	ftp.sra.ebi.ac.uk/vol1/fastq/SRR157/098/SRR15743398/SRR15743398_2.fastq.gz	2f7d37a144ce951aeaac594778c9109f	data/fastq/meta_analysis/guo2022/atacseq/SRR15743398_2.fastq.gz
arid1a	Guo2022	ATAC	bulk	SRR15743400	ftp.sra.ebi.ac.uk/vol1/fastq/SRR157/000/SRR15743400/SRR15743400_1.fastq.gz	03ee840b7825e5072ff05ed623c7e843	data/fastq/meta_analysis/guo2022/atacseq/SRR15743400_1.fastq.gz
arid1a	Guo2022	ATAC	bulk	SRR15743400	ftp.sra.ebi.ac.uk/vol1/fastq/SRR157/000/SRR15743400/SRR15743400_2.fastq.gz	c3d364d9421a262c739ab264d8414d9d	data/fastq/meta_analysis/guo2022/atacseq/SRR15743400_2.fastq.gz
arid1a	Guo2022	ATAC	bulk	SRR15743403	ftp.sra.ebi.ac.uk/vol1/fastq/SRR157/003/SRR15743403/SRR15743403_1.fastq.gz	b10630d495e7af0b1be537bf8e0683a1	data/fastq/meta_analysis/guo2022/atacseq/SRR15743403_1.fastq.gz
arid1a	Guo2022	ATAC	bulk	SRR15743403	ftp.sra.ebi.ac.uk/vol1/fastq/SRR157/003/SRR15743403/SRR15743403_2.fastq.gz	d28ec59f1d05f2b1293f2efa4027bec7	data/fastq/meta_analysis/guo2022/atacseq/SRR15743403_2.fastq.gz
arid1a	Guo2022	ATAC	bulk	SRR15743383	ftp.sra.ebi.ac.uk/vol1/fastq/SRR157/083/SRR15743383/SRR15743383_1.fastq.gz	c3d643f9d157881e62623e444c5d40bb	data/fastq/meta_analysis/guo2022/atacseq/SRR15743383_1.fastq.gz
arid1a	Guo2022	ATAC	bulk	SRR15743383	ftp.sra.ebi.ac.uk/vol1/fastq/SRR157/083/SRR15743383/SRR15743383_2.fastq.gz	e05b2278c578fa2ba1a765aeda8aa56a	data/fastq/meta_analysis/guo2022/atacseq/SRR15743383_2.fastq.gz
arid1a	Guo2022	ATAC	bulk	SRR15743384	ftp.sra.ebi.ac.uk/vol1/fastq/SRR157/084/SRR15743384/SRR15743384_1.fastq.gz	7839824af9b0462cda4b22b813bacc3d	data/fastq/meta_analysis/guo2022/atacseq/SRR15743384_1.fastq.gz
arid1a	Guo2022	ATAC	bulk	SRR15743384	ftp.sra.ebi.ac.uk/vol1/fastq/SRR157/084/SRR15743384/SRR15743384_2.fastq.gz	bcc7184ab841b2e4cc8d1e8da1a25c56	data/fastq/meta_analysis/guo2022/atacseq/SRR15743384_2.fastq.gz
cmyc	Guo2022	ATAC	bulk	SRR15743388	ftp.sra.ebi.ac.uk/vol1/fastq/SRR157/088/SRR15743388/SRR15743388_1.fastq.gz	db15a721df1aeed6917bf5cc82fb9c53	data/fastq/meta_analysis/guo2022/atacseq/SRR15743388_1.fastq.gz
cmyc	Guo2022	ATAC	bulk	SRR15743388	ftp.sra.ebi.ac.uk/vol1/fastq/SRR157/088/SRR15743388/SRR15743388_2.fastq.gz	fb42d6e669f33e88ec1fe8b8de75d9a8	data/fastq/meta_analysis/guo2022/atacseq/SRR15743388_2.fastq.gz
cmyc	Guo2022	ATAC	bulk	SRR15743391	ftp.sra.ebi.ac.uk/vol1/fastq/SRR157/091/SRR15743391/SRR15743391_1.fastq.gz	e0edc3365114f0650cc785ec903ad599	data/fastq/meta_analysis/guo2022/atacseq/SRR15743391_1.fastq.gz
cmyc	Guo2022	ATAC	bulk	SRR15743391	ftp.sra.ebi.ac.uk/vol1/fastq/SRR157/091/SRR15743391/SRR15743391_2.fastq.gz	02f0bb77546191a92a4a48ae51838c85	data/fastq/meta_analysis/guo2022/atacseq/SRR15743391_2.fastq.gz
cmyc	Guo2022	ATAC	bulk	SRR15743394	ftp.sra.ebi.ac.uk/vol1/fastq/SRR157/094/SRR15743394/SRR15743394_1.fastq.gz	5dbd7c7910d65811a938372cb7a7db94	data/fastq/meta_analysis/guo2022/atacseq/SRR15743394_1.fastq.gz
cmyc	Guo2022	ATAC	bulk	SRR15743394	ftp.sra.ebi.ac.uk/vol1/fastq/SRR157/094/SRR15743394/SRR15743394_2.fastq.gz	d3b00c2520d10da8bad6bacc2db464fd	data/fastq/meta_analysis/guo2022/atacseq/SRR15743394_2.fastq.gz
cmyc	Guo2022	ATAC	bulk	SRR15743395	ftp.sra.ebi.ac.uk/vol1/fastq/SRR157/095/SRR15743395/SRR15743395_1.fastq.gz	f5838028ddd2a3329bc1d2eba6ed5a94	data/fastq/meta_analysis/guo2022/atacseq/SRR15743395_1.fastq.gz
cmyc	Guo2022	ATAC	bulk	SRR15743395	ftp.sra.ebi.ac.uk/vol1/fastq/SRR157/095/SRR15743395/SRR15743395_2.fastq.gz	9b268c066d622a96a576559b2724babd	data/fastq/meta_analysis/guo2022/atacseq/SRR15743395_2.fastq.gz
arid1a	Guo2022	ATAC	bulk	SRR15743402	ftp.sra.ebi.ac.uk/vol1/fastq/SRR157/002/SRR15743402/SRR15743402_1.fastq.gz	13017746687f7067e4cdfba4a6e0dbf0	data/fastq/meta_analysis/guo2022/atacseq/SRR15743402_1.fastq.gz
arid1a	Guo2022	ATAC	bulk	SRR15743402	ftp.sra.ebi.ac.uk/vol1/fastq/SRR157/002/SRR15743402/SRR15743402_2.fastq.gz	b4f17f79d09bdeccc5f5549e47924ee5	data/fastq/meta_analysis/guo2022/atacseq/SRR15743402_2.fastq.gz
arid1a	Guo2022	ATAC	bulk	SRR15743404	ftp.sra.ebi.ac.uk/vol1/fastq/SRR157/004/SRR15743404/SRR15743404_1.fastq.gz	6006f86b2fed937e90873786f9223f44	data/fastq/meta_analysis/guo2022/atacseq/SRR15743404_1.fastq.gz
arid1a	Guo2022	ATAC	bulk	SRR15743404	ftp.sra.ebi.ac.uk/vol1/fastq/SRR157/004/SRR15743404/SRR15743404_2.fastq.gz	fb8962074dcc315cd0af96a97cbff6ac	data/fastq/meta_analysis/guo2022/atacseq/SRR15743404_2.fastq.gz
arid1a	Guo2022	ATAC	bulk	SRR15743381	ftp.sra.ebi.ac.uk/vol1/fastq/SRR157/081/SRR15743381/SRR15743381_1.fastq.gz	516485ec7cc22685d02c70eae12ed42d	data/fastq/meta_analysis/guo2022/atacseq/SRR15743381_1.fastq.gz
arid1a	Guo2022	ATAC	bulk	SRR15743381	ftp.sra.ebi.ac.uk/vol1/fastq/SRR157/081/SRR15743381/SRR15743381_2.fastq.gz	c1efe4fc75d8d15a86d4db31ace823e6	data/fastq/meta_analysis/guo2022/atacseq/SRR15743381_2.fastq.gz
arid1a	Guo2022	ATAC	bulk	SRR15743385	ftp.sra.ebi.ac.uk/vol1/fastq/SRR157/085/SRR15743385/SRR15743385_1.fastq.gz	aff092e882f230e6a44d8463ccb474aa	data/fastq/meta_analysis/guo2022/atacseq/SRR15743385_1.fastq.gz
arid1a	Guo2022	ATAC	bulk	SRR15743385	ftp.sra.ebi.ac.uk/vol1/fastq/SRR157/085/SRR15743385/SRR15743385_2.fastq.gz	d976b25ff4a8014239ec10382f48fe2b	data/fastq/meta_analysis/guo2022/atacseq/SRR15743385_2.fastq.gz
cmyc	Guo2022	ATAC	bulk	SRR15743387	ftp.sra.ebi.ac.uk/vol1/fastq/SRR157/087/SRR15743387/SRR15743387_1.fastq.gz	1515b564720446b4a163623beb70caaf	data/fastq/meta_analysis/guo2022/atacseq/SRR15743387_1.fastq.gz
cmyc	Guo2022	ATAC	bulk	SRR15743387	ftp.sra.ebi.ac.uk/vol1/fastq/SRR157/087/SRR15743387/SRR15743387_2.fastq.gz	303c934199283f50dfef8fce4ad4abc7	data/fastq/meta_analysis/guo2022/atacseq/SRR15743387_2.fastq.gz
cmyc	Guo2022	ATAC	bulk	SRR15743390	ftp.sra.ebi.ac.uk/vol1/fastq/SRR157/090/SRR15743390/SRR15743390_1.fastq.gz	4c20dcdd3f92259f26408fd5de1caf8d	data/fastq/meta_analysis/guo2022/atacseq/SRR15743390_1.fastq.gz
cmyc	Guo2022	ATAC	bulk	SRR15743390	ftp.sra.ebi.ac.uk/vol1/fastq/SRR157/090/SRR15743390/SRR15743390_2.fastq.gz	e724fea7fb9f517339d36981d3ae0f5b	data/fastq/meta_analysis/guo2022/atacseq/SRR15743390_2.fastq.gz
arid1a	Guo2022	ATAC	bulk	SRR15743399	ftp.sra.ebi.ac.uk/vol1/fastq/SRR157/099/SRR15743399/SRR15743399_1.fastq.gz	135eab97f06de7d97e8a29134f87669b	data/fastq/meta_analysis/guo2022/atacseq/SRR15743399_1.fastq.gz
arid1a	Guo2022	ATAC	bulk	SRR15743399	ftp.sra.ebi.ac.uk/vol1/fastq/SRR157/099/SRR15743399/SRR15743399_2.fastq.gz	12b18078a0bc581168e491fe0f4b4b00	data/fastq/meta_analysis/guo2022/atacseq/SRR15743399_2.fastq.gz
arid1a	Guo2022	ATAC	bulk	SRR15743401	ftp.sra.ebi.ac.uk/vol1/fastq/SRR157/001/SRR15743401/SRR15743401_1.fastq.gz	f54bcd83fe6081b66de0e9dde84548ea	data/fastq/meta_analysis/guo2022/atacseq/SRR15743401_1.fastq.gz
arid1a	Guo2022	ATAC	bulk	SRR15743401	ftp.sra.ebi.ac.uk/vol1/fastq/SRR157/001/SRR15743401/SRR15743401_2.fastq.gz	324c87435926158786f3a39c5ce07b31	data/fastq/meta_analysis/guo2022/atacseq/SRR15743401_2.fastq.gz
arid1a	Guo2022	RNA	bulk	SRR18435811	ftp.sra.ebi.ac.uk/vol1/fastq/SRR184/011/SRR18435811/SRR18435811_1.fastq.gz	0589df5f9072ca167c30929a5b5cad3a	data/fastq/meta_analysis/guo2022/rnaseq/SRR18435811_1.fastq.gz
arid1a	Guo2022	RNA	bulk	SRR18435811	ftp.sra.ebi.ac.uk/vol1/fastq/SRR184/011/SRR18435811/SRR18435811_2.fastq.gz	6445535888b0c96b2efce2295f600295	data/fastq/meta_analysis/guo2022/rnaseq/SRR18435811_2.fastq.gz
arid1a	Guo2022	RNA	bulk	SRR18435813	ftp.sra.ebi.ac.uk/vol1/fastq/SRR184/013/SRR18435813/SRR18435813_1.fastq.gz	d3362e2e5c112d80f6adeca2b9696084	data/fastq/meta_analysis/guo2022/rnaseq/SRR18435813_1.fastq.gz
arid1a	Guo2022	RNA	bulk	SRR18435813	ftp.sra.ebi.ac.uk/vol1/fastq/SRR184/013/SRR18435813/SRR18435813_2.fastq.gz	78e9335c8a8e9de1250300567e485de1	data/fastq/meta_analysis/guo2022/rnaseq/SRR18435813_2.fastq.gz
arid1a	Guo2022	RNA	bulk	SRR18435816	ftp.sra.ebi.ac.uk/vol1/fastq/SRR184/016/SRR18435816/SRR18435816_1.fastq.gz	b0b16b42cb21ccc592ee92698bd334fa	data/fastq/meta_analysis/guo2022/rnaseq/SRR18435816_1.fastq.gz
arid1a	Guo2022	RNA	bulk	SRR18435816	ftp.sra.ebi.ac.uk/vol1/fastq/SRR184/016/SRR18435816/SRR18435816_2.fastq.gz	590104d9b354d40d93d1272ff9684023	data/fastq/meta_analysis/guo2022/rnaseq/SRR18435816_2.fastq.gz
arid1a	Guo2022	RNA	bulk	SRR18435818	ftp.sra.ebi.ac.uk/vol1/fastq/SRR184/018/SRR18435818/SRR18435818_1.fastq.gz	b99c243726b8999e047ad733b97a5460	data/fastq/meta_analysis/guo2022/rnaseq/SRR18435818_1.fastq.gz
arid1a	Guo2022	RNA	bulk	SRR18435818	ftp.sra.ebi.ac.uk/vol1/fastq/SRR184/018/SRR18435818/SRR18435818_2.fastq.gz	9062aaa27288d99b51f0c5f21d49f62d	data/fastq/meta_analysis/guo2022/rnaseq/SRR18435818_2.fastq.gz
arid1a	Guo2022	RNA	bulk	SRR18435812	ftp.sra.ebi.ac.uk/vol1/fastq/SRR184/012/SRR18435812/SRR18435812_1.fastq.gz	90b4bbb2553e69117960391049859290	data/fastq/meta_analysis/guo2022/rnaseq/SRR18435812_1.fastq.gz
arid1a	Guo2022	RNA	bulk	SRR18435812	ftp.sra.ebi.ac.uk/vol1/fastq/SRR184/012/SRR18435812/SRR18435812_2.fastq.gz	cad1424366b638f9f3b2171d232b78cc	data/fastq/meta_analysis/guo2022/rnaseq/SRR18435812_2.fastq.gz
arid1a	Guo2022	RNA	bulk	SRR18435814	ftp.sra.ebi.ac.uk/vol1/fastq/SRR184/014/SRR18435814/SRR18435814_1.fastq.gz	9da37e194bdf0d3475b0809dbdb2e327	data/fastq/meta_analysis/guo2022/rnaseq/SRR18435814_1.fastq.gz
arid1a	Guo2022	RNA	bulk	SRR18435814	ftp.sra.ebi.ac.uk/vol1/fastq/SRR184/014/SRR18435814/SRR18435814_2.fastq.gz	ccb8ce76f856649316db3b108f0bf684	data/fastq/meta_analysis/guo2022/rnaseq/SRR18435814_2.fastq.gz
arid1a	Guo2022	RNA	bulk	SRR18435815	ftp.sra.ebi.ac.uk/vol1/fastq/SRR184/015/SRR18435815/SRR18435815_1.fastq.gz	2b9bb3d306744db38cf02ced9eda4ad7	data/fastq/meta_analysis/guo2022/rnaseq/SRR18435815_1.fastq.gz
arid1a	Guo2022	RNA	bulk	SRR18435815	ftp.sra.ebi.ac.uk/vol1/fastq/SRR184/015/SRR18435815/SRR18435815_2.fastq.gz	87fdff421c8b2d22eda2ad88b2987b80	data/fastq/meta_analysis/guo2022/rnaseq/SRR18435815_2.fastq.gz
arid1a	Guo2022	RNA	bulk	SRR18435817	ftp.sra.ebi.ac.uk/vol1/fastq/SRR184/017/SRR18435817/SRR18435817_1.fastq.gz	7e5f30a7c7ee47121211eee08fb8544c	data/fastq/meta_analysis/guo2022/rnaseq/SRR18435817_1.fastq.gz
arid1a	Guo2022	RNA	bulk	SRR18435817	ftp.sra.ebi.ac.uk/vol1/fastq/SRR184/017/SRR18435817/SRR18435817_2.fastq.gz	ec11df983d0c10a5f55ebae7c7de37f9	data/fastq/meta_analysis/guo2022/rnaseq/SRR18435817_2.fastq.gz
arid1a	Guo2022	ATAC	bulk	SRR18360569	ftp.sra.ebi.ac.uk/vol1/fastq/SRR183/069/SRR18360569/SRR18360569_1.fastq.gz	9521c8808bd374b8fca2917cbd3ae230	data/fastq/meta_analysis/guo2022/atacseq/SRR18360569_1.fastq.gz
arid1a	Guo2022	ATAC	bulk	SRR18360569	ftp.sra.ebi.ac.uk/vol1/fastq/SRR183/069/SRR18360569/SRR18360569_2.fastq.gz	5f81e2a0dd91ccad0294d2450561c406	data/fastq/meta_analysis/guo2022/atacseq/SRR18360569_2.fastq.gz
arid1a	Guo2022	ATAC	bulk	SRR18360572	ftp.sra.ebi.ac.uk/vol1/fastq/SRR183/072/SRR18360572/SRR18360572_1.fastq.gz	491c3acadbbd3c250413a659ddbbc85c	data/fastq/meta_analysis/guo2022/atacseq/SRR18360572_1.fastq.gz
arid1a	Guo2022	ATAC	bulk	SRR18360572	ftp.sra.ebi.ac.uk/vol1/fastq/SRR183/072/SRR18360572/SRR18360572_2.fastq.gz	6049d8580d3b23e4476b67b150ac6ee7	data/fastq/meta_analysis/guo2022/atacseq/SRR18360572_2.fastq.gz
arid1a	Guo2022	ATAC	bulk	SRR18360573	ftp.sra.ebi.ac.uk/vol1/fastq/SRR183/073/SRR18360573/SRR18360573_1.fastq.gz	9d1e15a7d2cdaffc20da3dc14f61e59a	data/fastq/meta_analysis/guo2022/atacseq/SRR18360573_1.fastq.gz
arid1a	Guo2022	ATAC	bulk	SRR18360573	ftp.sra.ebi.ac.uk/vol1/fastq/SRR183/073/SRR18360573/SRR18360573_2.fastq.gz	a8e66ce6a485f443646d70ccad777cce	data/fastq/meta_analysis/guo2022/atacseq/SRR18360573_2.fastq.gz
arid1a	Guo2022	ATAC	bulk	SRR18360574	ftp.sra.ebi.ac.uk/vol1/fastq/SRR183/074/SRR18360574/SRR18360574_1.fastq.gz	58c1836a967728f2cb2f44e79abdeea5	data/fastq/meta_analysis/guo2022/atacseq/SRR18360574_1.fastq.gz
arid1a	Guo2022	ATAC	bulk	SRR18360574	ftp.sra.ebi.ac.uk/vol1/fastq/SRR183/074/SRR18360574/SRR18360574_2.fastq.gz	dff62b910cfb91f7a50f05445d706a20	data/fastq/meta_analysis/guo2022/atacseq/SRR18360574_2.fastq.gz
arid1a	Guo2022	ATAC	bulk	SRR18360579	ftp.sra.ebi.ac.uk/vol1/fastq/SRR183/079/SRR18360579/SRR18360579_1.fastq.gz	4ecc9d1caeb6958600a0d69b0107e7cd	data/fastq/meta_analysis/guo2022/atacseq/SRR18360579_1.fastq.gz
arid1a	Guo2022	ATAC	bulk	SRR18360579	ftp.sra.ebi.ac.uk/vol1/fastq/SRR183/079/SRR18360579/SRR18360579_2.fastq.gz	bd4458c615c73153040e95fb3f8c4a32	data/fastq/meta_analysis/guo2022/atacseq/SRR18360579_2.fastq.gz
arid1a	Guo2022	ATAC	bulk	SRR18360563	ftp.sra.ebi.ac.uk/vol1/fastq/SRR183/063/SRR18360563/SRR18360563_1.fastq.gz	93446ea35fb73e436817eb7f7eb68d56	data/fastq/meta_analysis/guo2022/atacseq/SRR18360563_1.fastq.gz
arid1a	Guo2022	ATAC	bulk	SRR18360563	ftp.sra.ebi.ac.uk/vol1/fastq/SRR183/063/SRR18360563/SRR18360563_2.fastq.gz	dea4895e5e621bc2cf5016494a98eb4a	data/fastq/meta_analysis/guo2022/atacseq/SRR18360563_2.fastq.gz
arid1a	Guo2022	ATAC	bulk	SRR18360565	ftp.sra.ebi.ac.uk/vol1/fastq/SRR183/065/SRR18360565/SRR18360565_1.fastq.gz	dedcc5d320d7d39906bdc77c8029ae18	data/fastq/meta_analysis/guo2022/atacseq/SRR18360565_1.fastq.gz
arid1a	Guo2022	ATAC	bulk	SRR18360565	ftp.sra.ebi.ac.uk/vol1/fastq/SRR183/065/SRR18360565/SRR18360565_2.fastq.gz	96174de569bd4d9d2a83bc6b582a24fe	data/fastq/meta_analysis/guo2022/atacseq/SRR18360565_2.fastq.gz
arid1a	Guo2022	ATAC	bulk	SRR18360566	ftp.sra.ebi.ac.uk/vol1/fastq/SRR183/066/SRR18360566/SRR18360566_1.fastq.gz	787905cd99a6736b4a5b927d4d21a22e	data/fastq/meta_analysis/guo2022/atacseq/SRR18360566_1.fastq.gz
arid1a	Guo2022	ATAC	bulk	SRR18360566	ftp.sra.ebi.ac.uk/vol1/fastq/SRR183/066/SRR18360566/SRR18360566_2.fastq.gz	27fe31177639705a353ca8f103074f1f	data/fastq/meta_analysis/guo2022/atacseq/SRR18360566_2.fastq.gz
arid1a	Guo2022	ATAC	bulk	SRR18360570	ftp.sra.ebi.ac.uk/vol1/fastq/SRR183/070/SRR18360570/SRR18360570_1.fastq.gz	5be31e3b2c5b4a5154e3426d956a7614	data/fastq/meta_analysis/guo2022/atacseq/SRR18360570_1.fastq.gz
arid1a	Guo2022	ATAC	bulk	SRR18360570	ftp.sra.ebi.ac.uk/vol1/fastq/SRR183/070/SRR18360570/SRR18360570_2.fastq.gz	8295d7555abf2c9e64dde6dbe105ff4d	data/fastq/meta_analysis/guo2022/atacseq/SRR18360570_2.fastq.gz
arid1a	Guo2022	ATAC	bulk	SRR18360571	ftp.sra.ebi.ac.uk/vol1/fastq/SRR183/071/SRR18360571/SRR18360571_1.fastq.gz	0bac5f9619dfef5065d7714f45c7fbbf	data/fastq/meta_analysis/guo2022/atacseq/SRR18360571_1.fastq.gz
arid1a	Guo2022	ATAC	bulk	SRR18360571	ftp.sra.ebi.ac.uk/vol1/fastq/SRR183/071/SRR18360571/SRR18360571_2.fastq.gz	f67f0485abb38448c61a4b3bea65012a	data/fastq/meta_analysis/guo2022/atacseq/SRR18360571_2.fastq.gz
arid1a	Guo2022	ATAC	bulk	SRR18360580	ftp.sra.ebi.ac.uk/vol1/fastq/SRR183/080/SRR18360580/SRR18360580_1.fastq.gz	4795c5b0372655364c2a24238c79155d	data/fastq/meta_analysis/guo2022/atacseq/SRR18360580_1.fastq.gz
arid1a	Guo2022	ATAC	bulk	SRR18360580	ftp.sra.ebi.ac.uk/vol1/fastq/SRR183/080/SRR18360580/SRR18360580_2.fastq.gz	1ae3ed17a0927630ec06ebaf3639431f	data/fastq/meta_analysis/guo2022/atacseq/SRR18360580_2.fastq.gz
arid1a	Guo2022	ATAC	bulk	SRR18360564	ftp.sra.ebi.ac.uk/vol1/fastq/SRR183/064/SRR18360564/SRR18360564_1.fastq.gz	ea3af4a71ed8aec10802802ba1cb660f	data/fastq/meta_analysis/guo2022/atacseq/SRR18360564_1.fastq.gz
arid1a	Guo2022	ATAC	bulk	SRR18360564	ftp.sra.ebi.ac.uk/vol1/fastq/SRR183/064/SRR18360564/SRR18360564_2.fastq.gz	2df370ade8b9aa79683b53c71d3d2b26	data/fastq/meta_analysis/guo2022/atacseq/SRR18360564_2.fastq.gz
arid1a	Guo2022	ATAC	bulk	SRR18360567	ftp.sra.ebi.ac.uk/vol1/fastq/SRR183/067/SRR18360567/SRR18360567_1.fastq.gz	c0253d3682e8f956f3ccce3270e717e4	data/fastq/meta_analysis/guo2022/atacseq/SRR18360567_1.fastq.gz
arid1a	Guo2022	ATAC	bulk	SRR18360567	ftp.sra.ebi.ac.uk/vol1/fastq/SRR183/067/SRR18360567/SRR18360567_2.fastq.gz	a3cd1e7df6eef5e09bd9009824c195bb	data/fastq/meta_analysis/guo2022/atacseq/SRR18360567_2.fastq.gz
arid1a	Guo2022	ATAC	bulk	SRR18360568	ftp.sra.ebi.ac.uk/vol1/fastq/SRR183/068/SRR18360568/SRR18360568_1.fastq.gz	fe87a49daa3ca721046d3eed8c30307c	data/fastq/meta_analysis/guo2022/atacseq/SRR18360568_1.fastq.gz
arid1a	Guo2022	ATAC	bulk	SRR18360568	ftp.sra.ebi.ac.uk/vol1/fastq/SRR183/068/SRR18360568/SRR18360568_2.fastq.gz	a8f13f35749b53668a431d65e3dc67bb	data/fastq/meta_analysis/guo2022/atacseq/SRR18360568_2.fastq.gz
arid1a	Guo2022	ATAC	bulk	SRR18360575	ftp.sra.ebi.ac.uk/vol1/fastq/SRR183/075/SRR18360575/SRR18360575_1.fastq.gz	6b8dcad09c33e357487f0d162d9d8227	data/fastq/meta_analysis/guo2022/atacseq/SRR18360575_1.fastq.gz
arid1a	Guo2022	ATAC	bulk	SRR18360575	ftp.sra.ebi.ac.uk/vol1/fastq/SRR183/075/SRR18360575/SRR18360575_2.fastq.gz	836976a46d4837a418d2688e384cb5e3	data/fastq/meta_analysis/guo2022/atacseq/SRR18360575_2.fastq.gz
arid1a	Guo2022	ATAC	bulk	SRR18360576	ftp.sra.ebi.ac.uk/vol1/fastq/SRR183/076/SRR18360576/SRR18360576_1.fastq.gz	08abdce01e7e7d48e849d3b7e2e5e7fd	data/fastq/meta_analysis/guo2022/atacseq/SRR18360576_1.fastq.gz
arid1a	Guo2022	ATAC	bulk	SRR18360576	ftp.sra.ebi.ac.uk/vol1/fastq/SRR183/076/SRR18360576/SRR18360576_2.fastq.gz	fcfaec9a05780ced78b6675f2fe06a4b	data/fastq/meta_analysis/guo2022/atacseq/SRR18360576_2.fastq.gz
arid1a	Guo2022	ATAC	bulk	SRR18360577	ftp.sra.ebi.ac.uk/vol1/fastq/SRR183/077/SRR18360577/SRR18360577_1.fastq.gz	de6314677dac7365cfb7ec85ad3314a9	data/fastq/meta_analysis/guo2022/atacseq/SRR18360577_1.fastq.gz
arid1a	Guo2022	ATAC	bulk	SRR18360577	ftp.sra.ebi.ac.uk/vol1/fastq/SRR183/077/SRR18360577/SRR18360577_2.fastq.gz	66840cd0969e102e9d8a60e7d47f624c	data/fastq/meta_analysis/guo2022/atacseq/SRR18360577_2.fastq.gz
arid1a	Guo2022	ATAC	bulk	SRR18360578	ftp.sra.ebi.ac.uk/vol1/fastq/SRR183/078/SRR18360578/SRR18360578_1.fastq.gz	2c14e1d62b83c1115ea0a109ba3782ba	data/fastq/meta_analysis/guo2022/atacseq/SRR18360578_1.fastq.gz
arid1a	Guo2022	ATAC	bulk	SRR18360578	ftp.sra.ebi.ac.uk/vol1/fastq/SRR183/078/SRR18360578/SRR18360578_2.fastq.gz	53ff48f8d7446c77076aa5156e0fa478	data/fastq/meta_analysis/guo2022/atacseq/SRR18360578_2.fastq.gz
pbaf	Baxter2023	ATAC	bulk	SRR21093323	ftp.sra.ebi.ac.uk/vol1/fastq/SRR210/023/SRR21093323/SRR21093323_1.fastq.gz	9c563788952b2ec914428f394ef7f4ee	data/fastq/meta_analysis/baxter2023/atacseq/SRR21093323_1.fastq.gz
pbaf	Baxter2023	ATAC	bulk	SRR21093323	ftp.sra.ebi.ac.uk/vol1/fastq/SRR210/023/SRR21093323/SRR21093323_2.fastq.gz	935ed062d7105f2a9d0139457aa9694b	data/fastq/meta_analysis/baxter2023/atacseq/SRR21093323_2.fastq.gz
pbaf	Baxter2023	ATAC	bulk	SRR21093324	ftp.sra.ebi.ac.uk/vol1/fastq/SRR210/024/SRR21093324/SRR21093324_1.fastq.gz	09d6d2d840dbcfdb5df896347f6283cb	data/fastq/meta_analysis/baxter2023/atacseq/SRR21093324_1.fastq.gz
pbaf	Baxter2023	ATAC	bulk	SRR21093324	ftp.sra.ebi.ac.uk/vol1/fastq/SRR210/024/SRR21093324/SRR21093324_2.fastq.gz	c824827786d16a097a8c2406a476800c	data/fastq/meta_analysis/baxter2023/atacseq/SRR21093324_2.fastq.gz
pbaf	Baxter2023	ATAC	bulk	SRR21093329	ftp.sra.ebi.ac.uk/vol1/fastq/SRR210/029/SRR21093329/SRR21093329_1.fastq.gz	ccd3265fb4995b7750c589259e25fd54	data/fastq/meta_analysis/baxter2023/atacseq/SRR21093329_1.fastq.gz
pbaf	Baxter2023	ATAC	bulk	SRR21093329	ftp.sra.ebi.ac.uk/vol1/fastq/SRR210/029/SRR21093329/SRR21093329_2.fastq.gz	d14e3837bcb2ff22e9bebb47dbb2ba35	data/fastq/meta_analysis/baxter2023/atacseq/SRR21093329_2.fastq.gz
pbaf	Baxter2023	ATAC	bulk	SRR21093332	ftp.sra.ebi.ac.uk/vol1/fastq/SRR210/032/SRR21093332/SRR21093332_1.fastq.gz	80fd47cf2be85c88c1dad6de3e2a5712	data/fastq/meta_analysis/baxter2023/atacseq/SRR21093332_1.fastq.gz
pbaf	Baxter2023	ATAC	bulk	SRR21093332	ftp.sra.ebi.ac.uk/vol1/fastq/SRR210/032/SRR21093332/SRR21093332_2.fastq.gz	8d6cea70b980f6a4feea57f8cd70c53a	data/fastq/meta_analysis/baxter2023/atacseq/SRR21093332_2.fastq.gz
pbaf	Baxter2023	ATAC	bulk	SRR21093325	ftp.sra.ebi.ac.uk/vol1/fastq/SRR210/025/SRR21093325/SRR21093325_1.fastq.gz	26f4bf8c05ea2aa4c66a40db59055f3f	data/fastq/meta_analysis/baxter2023/atacseq/SRR21093325_1.fastq.gz
pbaf	Baxter2023	ATAC	bulk	SRR21093325	ftp.sra.ebi.ac.uk/vol1/fastq/SRR210/025/SRR21093325/SRR21093325_2.fastq.gz	8953982d8b9b35aaf3166dba8c09d95f	data/fastq/meta_analysis/baxter2023/atacseq/SRR21093325_2.fastq.gz
pbaf	Baxter2023	ATAC	bulk	SRR21093326	ftp.sra.ebi.ac.uk/vol1/fastq/SRR210/026/SRR21093326/SRR21093326_1.fastq.gz	69b6a37c197990f5d61a6056d0b7b257	data/fastq/meta_analysis/baxter2023/atacseq/SRR21093326_1.fastq.gz
pbaf	Baxter2023	ATAC	bulk	SRR21093326	ftp.sra.ebi.ac.uk/vol1/fastq/SRR210/026/SRR21093326/SRR21093326_2.fastq.gz	c7a9ad2a6b7d94c0ec94dc10650fdc74	data/fastq/meta_analysis/baxter2023/atacseq/SRR21093326_2.fastq.gz
pbaf	Baxter2023	ATAC	bulk	SRR21093327	ftp.sra.ebi.ac.uk/vol1/fastq/SRR210/027/SRR21093327/SRR21093327_1.fastq.gz	42b8cb9e67d6bbdb2a56d7a35969faf0	data/fastq/meta_analysis/baxter2023/atacseq/SRR21093327_1.fastq.gz
pbaf	Baxter2023	ATAC	bulk	SRR21093327	ftp.sra.ebi.ac.uk/vol1/fastq/SRR210/027/SRR21093327/SRR21093327_2.fastq.gz	69b2bc4e7b3b0a782799ac3b9a73507f	data/fastq/meta_analysis/baxter2023/atacseq/SRR21093327_2.fastq.gz
pbaf	Baxter2023	ATAC	bulk	SRR21093328	ftp.sra.ebi.ac.uk/vol1/fastq/SRR210/028/SRR21093328/SRR21093328_1.fastq.gz	ee94ba93c0c3796e1fc20fb097621a56	data/fastq/meta_analysis/baxter2023/atacseq/SRR21093328_1.fastq.gz
pbaf	Baxter2023	ATAC	bulk	SRR21093328	ftp.sra.ebi.ac.uk/vol1/fastq/SRR210/028/SRR21093328/SRR21093328_2.fastq.gz	c6891ef84271a981f4b39ba74dc6503b	data/fastq/meta_analysis/baxter2023/atacseq/SRR21093328_2.fastq.gz
pbaf	Baxter2023	ATAC	bulk	SRR21093331	ftp.sra.ebi.ac.uk/vol1/fastq/SRR210/031/SRR21093331/SRR21093331_1.fastq.gz	72e0c1f73814c03b5c52773a068d2ac7	data/fastq/meta_analysis/baxter2023/atacseq/SRR21093331_1.fastq.gz
pbaf	Baxter2023	ATAC	bulk	SRR21093331	ftp.sra.ebi.ac.uk/vol1/fastq/SRR210/031/SRR21093331/SRR21093331_2.fastq.gz	8f252a4738e65e3c878f636711067c29	data/fastq/meta_analysis/baxter2023/atacseq/SRR21093331_2.fastq.gz
pbaf	Baxter2023	ATAC	bulk	SRR21093330	ftp.sra.ebi.ac.uk/vol1/fastq/SRR210/030/SRR21093330/SRR21093330_1.fastq.gz	650f10f4b5c217f7b0e4e3fa85c4b446	data/fastq/meta_analysis/baxter2023/atacseq/SRR21093330_1.fastq.gz
pbaf	Baxter2023	ATAC	bulk	SRR21093330	ftp.sra.ebi.ac.uk/vol1/fastq/SRR210/030/SRR21093330/SRR21093330_2.fastq.gz	1448c5947839ae84f03dfbe8f4190333	data/fastq/meta_analysis/baxter2023/atacseq/SRR21093330_2.fastq.gz
pbaf	Baxter2023	RNA	bulk	SRR21093334	ftp.sra.ebi.ac.uk/vol1/fastq/SRR210/034/SRR21093334/SRR21093334_1.fastq.gz	c8c8b9c3078e035a592248ae2b4db5d0	data/fastq/meta_analysis/baxter2023/rnaseq/SRR21093334_1.fastq.gz
pbaf	Baxter2023	RNA	bulk	SRR21093334	ftp.sra.ebi.ac.uk/vol1/fastq/SRR210/034/SRR21093334/SRR21093334_2.fastq.gz	d0f03f70ada2d556b950f13b5338ce91	data/fastq/meta_analysis/baxter2023/rnaseq/SRR21093334_2.fastq.gz
pbaf	Baxter2023	RNA	bulk	SRR21093337	ftp.sra.ebi.ac.uk/vol1/fastq/SRR210/037/SRR21093337/SRR21093337_1.fastq.gz	ee0168d09c99534e41adbe3937851c57	data/fastq/meta_analysis/baxter2023/rnaseq/SRR21093337_1.fastq.gz
pbaf	Baxter2023	RNA	bulk	SRR21093337	ftp.sra.ebi.ac.uk/vol1/fastq/SRR210/037/SRR21093337/SRR21093337_2.fastq.gz	a98d7cf31e0033c5cf76a6d31f62b472	data/fastq/meta_analysis/baxter2023/rnaseq/SRR21093337_2.fastq.gz
pbaf	Baxter2023	RNA	bulk	SRR21093338	ftp.sra.ebi.ac.uk/vol1/fastq/SRR210/038/SRR21093338/SRR21093338_1.fastq.gz	ab31493a06d4e977307764a6753d2394	data/fastq/meta_analysis/baxter2023/rnaseq/SRR21093338_1.fastq.gz
pbaf	Baxter2023	RNA	bulk	SRR21093338	ftp.sra.ebi.ac.uk/vol1/fastq/SRR210/038/SRR21093338/SRR21093338_2.fastq.gz	a2851a3875b5ab54484fa440b02003be	data/fastq/meta_analysis/baxter2023/rnaseq/SRR21093338_2.fastq.gz
pbaf	Baxter2023	RNA	bulk	SRR21093340	ftp.sra.ebi.ac.uk/vol1/fastq/SRR210/040/SRR21093340/SRR21093340_1.fastq.gz	114bce57504ccc61faf06455da4b551a	data/fastq/meta_analysis/baxter2023/rnaseq/SRR21093340_1.fastq.gz
pbaf	Baxter2023	RNA	bulk	SRR21093340	ftp.sra.ebi.ac.uk/vol1/fastq/SRR210/040/SRR21093340/SRR21093340_2.fastq.gz	a30c6753589dc0d723eb0bb754b8e558	data/fastq/meta_analysis/baxter2023/rnaseq/SRR21093340_2.fastq.gz
pbaf	Baxter2023	RNA	bulk	SRR21093341	ftp.sra.ebi.ac.uk/vol1/fastq/SRR210/041/SRR21093341/SRR21093341_1.fastq.gz	bf2407ec27cfa56050d68217259adda4	data/fastq/meta_analysis/baxter2023/rnaseq/SRR21093341_1.fastq.gz
pbaf	Baxter2023	RNA	bulk	SRR21093341	ftp.sra.ebi.ac.uk/vol1/fastq/SRR210/041/SRR21093341/SRR21093341_2.fastq.gz	8a4efb2f5f6f90a801fadbd7dd7ce17d	data/fastq/meta_analysis/baxter2023/rnaseq/SRR21093341_2.fastq.gz
pbaf	Baxter2023	RNA	bulk	SRR21093342	ftp.sra.ebi.ac.uk/vol1/fastq/SRR210/042/SRR21093342/SRR21093342_1.fastq.gz	93ceb0a25e14abd45c545aea57538ccf	data/fastq/meta_analysis/baxter2023/rnaseq/SRR21093342_1.fastq.gz
pbaf	Baxter2023	RNA	bulk	SRR21093342	ftp.sra.ebi.ac.uk/vol1/fastq/SRR210/042/SRR21093342/SRR21093342_2.fastq.gz	1c0990d7e19a52f33c72fcefbae26b73	data/fastq/meta_analysis/baxter2023/rnaseq/SRR21093342_2.fastq.gz
pbaf	Baxter2023	RNA	bulk	SRR21093339	ftp.sra.ebi.ac.uk/vol1/fastq/SRR210/039/SRR21093339/SRR21093339_1.fastq.gz	374a61de0ba266ea4c9f532a273976a6	data/fastq/meta_analysis/baxter2023/rnaseq/SRR21093339_1.fastq.gz
pbaf	Baxter2023	RNA	bulk	SRR21093339	ftp.sra.ebi.ac.uk/vol1/fastq/SRR210/039/SRR21093339/SRR21093339_2.fastq.gz	d772da89acd7069d153c94ab01af4bd1	data/fastq/meta_analysis/baxter2023/rnaseq/SRR21093339_2.fastq.gz
pbaf	Baxter2023	RNA	bulk	SRR21093344	ftp.sra.ebi.ac.uk/vol1/fastq/SRR210/044/SRR21093344/SRR21093344_1.fastq.gz	2cf1cedcfb78002e3016e511e02da076	data/fastq/meta_analysis/baxter2023/rnaseq/SRR21093344_1.fastq.gz
pbaf	Baxter2023	RNA	bulk	SRR21093344	ftp.sra.ebi.ac.uk/vol1/fastq/SRR210/044/SRR21093344/SRR21093344_2.fastq.gz	8ef0ae08c5e8ce083335da1639a654c5	data/fastq/meta_analysis/baxter2023/rnaseq/SRR21093344_2.fastq.gz
pbaf	Baxter2023	RNA	bulk	SRR21093335	ftp.sra.ebi.ac.uk/vol1/fastq/SRR210/035/SRR21093335/SRR21093335_1.fastq.gz	f7aaf017f144a236c4dc6ddd26b6a93f	data/fastq/meta_analysis/baxter2023/rnaseq/SRR21093335_1.fastq.gz
pbaf	Baxter2023	RNA	bulk	SRR21093335	ftp.sra.ebi.ac.uk/vol1/fastq/SRR210/035/SRR21093335/SRR21093335_2.fastq.gz	e4f30f1f2573e96dafb2a48a92b621cc	data/fastq/meta_analysis/baxter2023/rnaseq/SRR21093335_2.fastq.gz
pbaf	Baxter2023	RNA	bulk	SRR21093336	ftp.sra.ebi.ac.uk/vol1/fastq/SRR210/036/SRR21093336/SRR21093336_1.fastq.gz	1feaa876d0b560b00ad8915080c3d9f6	data/fastq/meta_analysis/baxter2023/rnaseq/SRR21093336_1.fastq.gz
pbaf	Baxter2023	RNA	bulk	SRR21093336	ftp.sra.ebi.ac.uk/vol1/fastq/SRR210/036/SRR21093336/SRR21093336_2.fastq.gz	823a2f779a870035edb6271aa83df35f	data/fastq/meta_analysis/baxter2023/rnaseq/SRR21093336_2.fastq.gz
pbaf	Baxter2023	RNA	bulk	SRR21093343	ftp.sra.ebi.ac.uk/vol1/fastq/SRR210/043/SRR21093343/SRR21093343_1.fastq.gz	08696e030f8ea5d46f5aa8c563df9590	data/fastq/meta_analysis/baxter2023/rnaseq/SRR21093343_1.fastq.gz
pbaf	Baxter2023	RNA	bulk	SRR21093343	ftp.sra.ebi.ac.uk/vol1/fastq/SRR210/043/SRR21093343/SRR21093343_2.fastq.gz	84bd24b7731bdad1000cb8e90347b474	data/fastq/meta_analysis/baxter2023/rnaseq/SRR21093343_2.fastq.gz
singlecell	Baxter2023	scRNA	single-cell	SRR24273403	ftp.sra.ebi.ac.uk/vol1/fastq/SRR242/003/SRR24273403/SRR24273403_1.fastq.gz	fd3f98e0a0d2eba803399fd3ffbd3ee8	data/fastq/meta_analysis/baxter2023/scrna/SRR24273403_1.fastq.gz
singlecell	Baxter2023	scRNA	single-cell	SRR24273403	ftp.sra.ebi.ac.uk/vol1/fastq/SRR242/003/SRR24273403/SRR24273403_2.fastq.gz	ad70e5237dce6b922e688852eddb8b12	data/fastq/meta_analysis/baxter2023/scrna/SRR24273403_2.fastq.gz
singlecell	Baxter2023	scATAC	single-cell	SRR24273404	ftp.sra.ebi.ac.uk/vol1/fastq/SRR242/004/SRR24273404/SRR24273404_1.fastq.gz	32d2065602afa0bf42cc394bf6b57e48	data/fastq/meta_analysis/baxter2023/scatac/SRR24273404_1.fastq.gz
singlecell	Baxter2023	scATAC	single-cell	SRR24273404	ftp.sra.ebi.ac.uk/vol1/fastq/SRR242/004/SRR24273404/SRR24273404_2.fastq.gz	081dc0fe2e729ab17fa706a37eefbbe9	data/fastq/meta_analysis/baxter2023/scatac/SRR24273404_2.fastq.gz
singlecell	Baxter2023	scRNA	single-cell	SRR24273405	ftp.sra.ebi.ac.uk/vol1/fastq/SRR242/005/SRR24273405/SRR24273405_1.fastq.gz	f83fee91c9cf000f0f087f679b542d78	data/fastq/meta_analysis/baxter2023/scrna/SRR24273405_1.fastq.gz
singlecell	Baxter2023	scRNA	single-cell	SRR24273405	ftp.sra.ebi.ac.uk/vol1/fastq/SRR242/005/SRR24273405/SRR24273405_2.fastq.gz	eabfa5a2eaa7bc49a9f1949d679e2b87	data/fastq/meta_analysis/baxter2023/scrna/SRR24273405_2.fastq.gz
singlecell	Baxter2023	scATAC	single-cell	SRR24273406	ftp.sra.ebi.ac.uk/vol1/fastq/SRR242/006/SRR24273406/SRR24273406_1.fastq.gz	f1ed902a10c030b2c506de3e4c340add	data/fastq/meta_analysis/baxter2023/scatac/SRR24273406_1.fastq.gz
singlecell	Baxter2023	scATAC	single-cell	SRR24273406	ftp.sra.ebi.ac.uk/vol1/fastq/SRR242/006/SRR24273406/SRR24273406_2.fastq.gz	36eb37d969a6223daf53b1f024bb4929	data/fastq/meta_analysis/baxter2023/scatac/SRR24273406_2.fastq.gz
singlecell	Baxter2023	scATAC	single-cell	SRR24273408	ftp.sra.ebi.ac.uk/vol1/fastq/SRR242/008/SRR24273408/SRR24273408_1.fastq.gz	953dd6a470a3e76066cc722dc3ebc44b	data/fastq/meta_analysis/baxter2023/scatac/SRR24273408_1.fastq.gz
singlecell	Baxter2023	scATAC	single-cell	SRR24273408	ftp.sra.ebi.ac.uk/vol1/fastq/SRR242/008/SRR24273408/SRR24273408_2.fastq.gz	c984119503cac6cf611b882c446c99f6	data/fastq/meta_analysis/baxter2023/scatac/SRR24273408_2.fastq.gz
singlecell	Baxter2023	scATAC	single-cell	SRR24273414	ftp.sra.ebi.ac.uk/vol1/fastq/SRR242/014/SRR24273414/SRR24273414_1.fastq.gz	1c5bcfda05a6e219f1ace0adf5e6219c	data/fastq/meta_analysis/baxter2023/scatac/SRR24273414_1.fastq.gz
singlecell	Baxter2023	scATAC	single-cell	SRR24273414	ftp.sra.ebi.ac.uk/vol1/fastq/SRR242/014/SRR24273414/SRR24273414_2.fastq.gz	313401e7f734417b788dab1df41d1004	data/fastq/meta_analysis/baxter2023/scatac/SRR24273414_2.fastq.gz
singlecell	Baxter2023	scRNA	single-cell	SRR24273415	ftp.sra.ebi.ac.uk/vol1/fastq/SRR242/015/SRR24273415/SRR24273415_1.fastq.gz	5144ec8a479560cdb7a1409ed4b1dc38	data/fastq/meta_analysis/baxter2023/scrna/SRR24273415_1.fastq.gz
singlecell	Baxter2023	scRNA	single-cell	SRR24273415	ftp.sra.ebi.ac.uk/vol1/fastq/SRR242/015/SRR24273415/SRR24273415_2.fastq.gz	d240214a5d96b8d5fcf221457ed620cc	data/fastq/meta_analysis/baxter2023/scrna/SRR24273415_2.fastq.gz
singlecell	Baxter2023	scRNA	single-cell	SRR24273401	ftp.sra.ebi.ac.uk/vol1/fastq/SRR242/001/SRR24273401/SRR24273401_1.fastq.gz	82eeef9a167af8ecb49f105093c03156	data/fastq/meta_analysis/baxter2023/scrna/SRR24273401_1.fastq.gz
singlecell	Baxter2023	scRNA	single-cell	SRR24273401	ftp.sra.ebi.ac.uk/vol1/fastq/SRR242/001/SRR24273401/SRR24273401_2.fastq.gz	a2c37d050ac30e9ab5d80b4ca3239b11	data/fastq/meta_analysis/baxter2023/scrna/SRR24273401_2.fastq.gz
singlecell	Baxter2023	scRNA	single-cell	SRR24273409	ftp.sra.ebi.ac.uk/vol1/fastq/SRR242/009/SRR24273409/SRR24273409_1.fastq.gz	d3e0fdad025c4f2c81c3d31e26fd3cc4	data/fastq/meta_analysis/baxter2023/scrna/SRR24273409_1.fastq.gz
singlecell	Baxter2023	scRNA	single-cell	SRR24273409	ftp.sra.ebi.ac.uk/vol1/fastq/SRR242/009/SRR24273409/SRR24273409_2.fastq.gz	a4f2df2ebca921fdb339b83ec73860b8	data/fastq/meta_analysis/baxter2023/scrna/SRR24273409_2.fastq.gz
singlecell	Baxter2023	scRNA	single-cell	SRR24273411	ftp.sra.ebi.ac.uk/vol1/fastq/SRR242/011/SRR24273411/SRR24273411_1.fastq.gz	9d5a55ab8162a3d52a492323b1b9238c	data/fastq/meta_analysis/baxter2023/scrna/SRR24273411_1.fastq.gz
singlecell	Baxter2023	scRNA	single-cell	SRR24273411	ftp.sra.ebi.ac.uk/vol1/fastq/SRR242/011/SRR24273411/SRR24273411_2.fastq.gz	d93447f9d7236745bc8d61a483aa7a2e	data/fastq/meta_analysis/baxter2023/scrna/SRR24273411_2.fastq.gz
singlecell	Baxter2023	scATAC	single-cell	SRR24273412	ftp.sra.ebi.ac.uk/vol1/fastq/SRR242/012/SRR24273412/SRR24273412_1.fastq.gz	d89686c559d55d1151e1e31b74ae0162	data/fastq/meta_analysis/baxter2023/scatac/SRR24273412_1.fastq.gz
singlecell	Baxter2023	scATAC	single-cell	SRR24273412	ftp.sra.ebi.ac.uk/vol1/fastq/SRR242/012/SRR24273412/SRR24273412_2.fastq.gz	906ad5deb51c9194778884ae2efff45b	data/fastq/meta_analysis/baxter2023/scatac/SRR24273412_2.fastq.gz
singlecell	Baxter2023	scATAC	single-cell	SRR24273400	ftp.sra.ebi.ac.uk/vol1/fastq/SRR242/000/SRR24273400/SRR24273400_1.fastq.gz	b383bbb5e9b72dc2aaf7da5c843d0a44	data/fastq/meta_analysis/baxter2023/scatac/SRR24273400_1.fastq.gz
singlecell	Baxter2023	scATAC	single-cell	SRR24273400	ftp.sra.ebi.ac.uk/vol1/fastq/SRR242/000/SRR24273400/SRR24273400_2.fastq.gz	62d5c3aed5ef060747cbc8f79f05e5ff	data/fastq/meta_analysis/baxter2023/scatac/SRR24273400_2.fastq.gz
singlecell	Baxter2023	scATAC	single-cell	SRR24273402	ftp.sra.ebi.ac.uk/vol1/fastq/SRR242/002/SRR24273402/SRR24273402_1.fastq.gz	ccdd28532726cec8bf45d9ce99aba949	data/fastq/meta_analysis/baxter2023/scatac/SRR24273402_1.fastq.gz
singlecell	Baxter2023	scATAC	single-cell	SRR24273402	ftp.sra.ebi.ac.uk/vol1/fastq/SRR242/002/SRR24273402/SRR24273402_2.fastq.gz	99fc37a1f0a987b67b142c51105ac3cb	data/fastq/meta_analysis/baxter2023/scatac/SRR24273402_2.fastq.gz
singlecell	Baxter2023	scRNA	single-cell	SRR24273407	ftp.sra.ebi.ac.uk/vol1/fastq/SRR242/007/SRR24273407/SRR24273407_1.fastq.gz	f7313504babdfdd6c993890fdba020d7	data/fastq/meta_analysis/baxter2023/scrna/SRR24273407_1.fastq.gz
singlecell	Baxter2023	scRNA	single-cell	SRR24273407	ftp.sra.ebi.ac.uk/vol1/fastq/SRR242/007/SRR24273407/SRR24273407_2.fastq.gz	d3cbba765a5e9e0c57544dc33948323f	data/fastq/meta_analysis/baxter2023/scrna/SRR24273407_2.fastq.gz
singlecell	Baxter2023	scATAC	single-cell	SRR24273410	ftp.sra.ebi.ac.uk/vol1/fastq/SRR242/010/SRR24273410/SRR24273410_1.fastq.gz	bf215a49fca114ccdaed2afd79a878a4	data/fastq/meta_analysis/baxter2023/scatac/SRR24273410_1.fastq.gz
singlecell	Baxter2023	scATAC	single-cell	SRR24273410	ftp.sra.ebi.ac.uk/vol1/fastq/SRR242/010/SRR24273410/SRR24273410_2.fastq.gz	401cf7055366f09c42bf0b98404ad396	data/fastq/meta_analysis/baxter2023/scatac/SRR24273410_2.fastq.gz
singlecell	Baxter2023	scRNA	single-cell	SRR24273413	ftp.sra.ebi.ac.uk/vol1/fastq/SRR242/013/SRR24273413/SRR24273413_1.fastq.gz	04fc1d2e1f0bc95a85cf9116454650e0	data/fastq/meta_analysis/baxter2023/scrna/SRR24273413_1.fastq.gz
singlecell	Baxter2023	scRNA	single-cell	SRR24273413	ftp.sra.ebi.ac.uk/vol1/fastq/SRR242/013/SRR24273413/SRR24273413_2.fastq.gz	3f7271f40582dfa51d1f1893da4cf6c7	data/fastq/meta_analysis/baxter2023/scrna/SRR24273413_2.fastq.gz
