run_accession	experiment_accession	sample_accession	sample_alias	sample_title	library_strategy	library_layout	fastq_ftp	fastq_md5	fastq_bytes	read_count
SRR24273403	SRX20069189	SAMN34331735	GSM7220525	LCMV7: Cl13D30, scRNA	RNA-Seq	PAIRED	ftp.sra.ebi.ac.uk/vol1/fastq/SRR242/003/SRR24273403/SRR24273403_1.fastq.gz;ftp.sra.ebi.ac.uk/vol1/fastq/SRR242/003/SRR24273403/SRR24273403_2.fastq.gz	fd3f98e0a0d2eba803399fd3ffbd3ee8;ad70e5237dce6b922e688852eddb8b12	5456675561;11063323926	296249329
SRR24273404	SRX20069188	SAMN34331736	GSM7220524	LCMV6: Cl13D15, scATAC	ATAC-seq	PAIRED	ftp.sra.ebi.ac.uk/vol1/fastq/SRR242/004/SRR24273404/SRR24273404_1.fastq.gz;ftp.sra.ebi.ac.uk/vol1/fastq/SRR242/004/SRR24273404/SRR24273404_2.fastq.gz	32d2065602afa0bf42cc394bf6b57e48;081dc0fe2e729ab17fa706a37eefbbe9	10120054516;9984176867	388907876
SRR24273405	SRX20069187	SAMN34331737	GSM7220523	LCMV6: Cl13D15, scRNA	RNA-Seq	PAIRED	ftp.sra.ebi.ac.uk/vol1/fastq/SRR242/005/SRR24273405/SRR24273405_1.fastq.gz;ftp.sra.ebi.ac.uk/vol1/fastq/SRR242/005/SRR24273405/SRR24273405_2.fastq.gz	f83fee91c9cf000f0f087f679b542d78;eabfa5a2eaa7bc49a9f1949d679e2b87	6478657915;13132971264	352478551
SRR24273406	SRX20069186	SAMN34331738	GSM7220522	LCMV5: Cl13D8, scATAC	ATAC-seq	PAIRED	ftp.sra.ebi.ac.uk/vol1/fastq/SRR242/006/SRR24273406/SRR24273406_1.fastq.gz;ftp.sra.ebi.ac.uk/vol1/fastq/SRR242/006/SRR24273406/SRR24273406_2.fastq.gz	f1ed902a10c030b2c506de3e4c340add;36eb37d969a6223daf53b1f024bb4929	9676322187;9552377122	371348051
SRR24273408	SRX20069184	SAMN34331740	GSM7220520	LCMV4: ArmD30, scATAC	ATAC-seq	PAIRED	ftp.sra.ebi.ac.uk/vol1/fastq/SRR242/008/SRR24273408/SRR24273408_1.fastq.gz;ftp.sra.ebi.ac.uk/vol1/fastq/SRR242/008/SRR24273408/SRR24273408_2.fastq.gz	953dd6a470a3e76066cc722dc3ebc44b;c984119503cac6cf611b882c446c99f6	10009554422;9875160243	385840766
SRR24273414	SRX20069178	SAMN34331746	GSM7220514	LCMV1: Naive, scATAC	ATAC-seq	PAIRED	ftp.sra.ebi.ac.uk/vol1/fastq/SRR242/014/SRR24273414/SRR24273414_1.fastq.gz;ftp.sra.ebi.ac.uk/vol1/fastq/SRR242/014/SRR24273414/SRR24273414_2.fastq.gz	1c5bcfda05a6e219f1ace0adf5e6219c;313401e7f734417b788dab1df41d1004	10627264189;10491575623	408563058
SRR24273415	SRX20069177	SAMN34331747	GSM7220513	LCMV1: Naive, scRNA	RNA-Seq	PAIRED	ftp.sra.ebi.ac.uk/vol1/fastq/SRR242/015/SRR24273415/SRR24273415_1.fastq.gz;ftp.sra.ebi.ac.uk/vol1/fastq/SRR242/015/SRR24273415/SRR24273415_2.fastq.gz	5144ec8a479560cdb7a1409ed4b1dc38;d240214a5d96b8d5fcf221457ed620cc	6600557763;13222479902	359135464
SRR24273401	SRX20069191	SAMN34331733	GSM7220527	LCMV8: Cl13D30+aPDL1, scRNA	RNA-Seq	PAIRED	ftp.sra.ebi.ac.uk/vol1/fastq/SRR242/001/SRR24273401/SRR24273401_1.fastq.gz;ftp.sra.ebi.ac.uk/vol1/fastq/SRR242/001/SRR24273401/SRR24273401_2.fastq.gz	82eeef9a167af8ecb49f105093c03156;a2c37d050ac30e9ab5d80b4ca3239b11	5881317004;11935955573	320674526
SRR24273409	SRX20069183	SAMN34331741	GSM7220519	LCMV4: ArmD30, scRNA	RNA-Seq	PAIRED	ftp.sra.ebi.ac.uk/vol1/fastq/SRR242/009/SRR24273409/SRR24273409_1.fastq.gz;ftp.sra.ebi.ac.uk/vol1/fastq/SRR242/009/SRR24273409/SRR24273409_2.fastq.gz	d3e0fdad025c4f2c81c3d31e26fd3cc4;a4f2df2ebca921fdb339b83ec73860b8	6254752009;12656128743	340782707
SRR24273411	SRX20069181	SAMN34331743	GSM7220517	LCMV3: ArmD15, scRNA	RNA-Seq	PAIRED	ftp.sra.ebi.ac.uk/vol1/fastq/SRR242/011/SRR24273411/SRR24273411_1.fastq.gz;ftp.sra.ebi.ac.uk/vol1/fastq/SRR242/011/SRR24273411/SRR24273411_2.fastq.gz	9d5a55ab8162a3d52a492323b1b9238c;d93447f9d7236745bc8d61a483aa7a2e	6195342070;12538634949	337707044
SRR24273412	SRX20069180	SAMN34331744	GSM7220516	LCMV2: ArmD8, scATAC	ATAC-seq	PAIRED	ftp.sra.ebi.ac.uk/vol1/fastq/SRR242/012/SRR24273412/SRR24273412_1.fastq.gz;ftp.sra.ebi.ac.uk/vol1/fastq/SRR242/012/SRR24273412/SRR24273412_2.fastq.gz	d89686c559d55d1151e1e31b74ae0162;906ad5deb51c9194778884ae2efff45b	8962757636;8843907995	344072896
SRR24273400	SRX20069192	SAMN34331732	GSM7220528	LCMV8: Cl13D30+aPDL1, scATAC	ATAC-seq	PAIRED	ftp.sra.ebi.ac.uk/vol1/fastq/SRR242/000/SRR24273400/SRR24273400_1.fastq.gz;ftp.sra.ebi.ac.uk/vol1/fastq/SRR242/000/SRR24273400/SRR24273400_2.fastq.gz	b383bbb5e9b72dc2aaf7da5c843d0a44;62d5c3aed5ef060747cbc8f79f05e5ff	9151517175;9031274829	352524579
SRR24273402	SRX20069190	SAMN34331734	GSM7220526	LCMV7: Cl13D30, scATAC	ATAC-seq	PAIRED	ftp.sra.ebi.ac.uk/vol1/fastq/SRR242/002/SRR24273402/SRR24273402_1.fastq.gz;ftp.sra.ebi.ac.uk/vol1/fastq/SRR242/002/SRR24273402/SRR24273402_2.fastq.gz	ccdd28532726cec8bf45d9ce99aba949;99fc37a1f0a987b67b142c51105ac3cb	10902387343;10758628256	419896114
SRR24273407	SRX20069185	SAMN34331739	GSM7220521	LCMV5: Cl13D8, scRNA	RNA-Seq	PAIRED	ftp.sra.ebi.ac.uk/vol1/fastq/SRR242/007/SRR24273407/SRR24273407_1.fastq.gz;ftp.sra.ebi.ac.uk/vol1/fastq/SRR242/007/SRR24273407/SRR24273407_2.fastq.gz	f7313504babdfdd6c993890fdba020d7;d3cbba765a5e9e0c57544dc33948323f	6270066517;12687115283	341530301
SRR24273410	SRX20069182	SAMN34331742	GSM7220518	LCMV3: ArmD15, scATAC	ATAC-seq	PAIRED	ftp.sra.ebi.ac.uk/vol1/fastq/SRR242/010/SRR24273410/SRR24273410_1.fastq.gz;ftp.sra.ebi.ac.uk/vol1/fastq/SRR242/010/SRR24273410/SRR24273410_2.fastq.gz	bf215a49fca114ccdaed2afd79a878a4;401cf7055366f09c42bf0b98404ad396	8338872524;8227249825	321053181
SRR24273413	SRX20069179	SAMN34331745	GSM7220515	LCMV2: ArmD8, scRNA	RNA-Seq	PAIRED	ftp.sra.ebi.ac.uk/vol1/fastq/SRR242/013/SRR24273413/SRR24273413_1.fastq.gz;ftp.sra.ebi.ac.uk/vol1/fastq/SRR242/013/SRR24273413/SRR24273413_2.fastq.gz	04fc1d2e1f0bc95a85cf9116454650e0;3f7271f40582dfa51d1f1893da4cf6c7	6368852938;12906534062	346677248
