study	gse	bioproject	assay	datatype	complex	target	condition	replicate	arid1a_relevant	run	experiment	gsm	layout	approx_GB	fastq_ftp	fastq_md5	sample_title
Guo2022	GSE183615	PRJNA761410	RNA	bulk	cBAF	cMyc	Myc_KO		False	SRR15743352	SRX12036008	GSM5563501	PAIRED	1.41	ftp.sra.ebi.ac.uk/vol1/fastq/SRR157/052/SRR15743352/SRR15743352_1.fastq.gz;ftp.sra.ebi.ac.uk/vol1/fastq/SRR157/052/SRR15743352/SRR15743352_2.fastq.gz	5b010ca018a70290af5c46a557c73ec2;b6651e5846b22b7c66142044bffc2c6e	Myc KO - rep 1
Guo2022	GSE183615	PRJNA761410	RNA	bulk	cBAF	cMyc	Myc_KO		False	SRR15743354	SRX12036009	GSM5563502	PAIRED	1.35	ftp.sra.ebi.ac.uk/vol1/fastq/SRR157/054/SRR15743354/SRR15743354_1.fastq.gz;ftp.sra.ebi.ac.uk/vol1/fastq/SRR157/054/SRR15743354/SRR15743354_2.fastq.gz	e4ab4569cb6b4b7202116be79d88458d;dfbce64200091e20332502b3fd296e63	Myc KO - rep 2
Guo2022	GSE183615	PRJNA761410	RNA	bulk	cBAF	cMyc	Myc_KO		False	SRR15743356	SRX12036010	GSM5563503	PAIRED	1.39	ftp.sra.ebi.ac.uk/vol1/fastq/SRR157/056/SRR15743356/SRR15743356_1.fastq.gz;ftp.sra.ebi.ac.uk/vol1/fastq/SRR157/056/SRR15743356/SRR15743356_2.fastq.gz	34e6f2722b5378984065c1f24649e027;6092b1cfe8ca02e78e8d0ad2afacf75f	Myc KO - rep 3
Guo2022	GSE183615	PRJNA761410	RNA	bulk	cBAF	cMyc	Myc_KO		False	SRR15743357	SRX12036010	GSM5563503	PAIRED	1.47	ftp.sra.ebi.ac.uk/vol1/fastq/SRR157/057/SRR15743357/SRR15743357_1.fastq.gz;ftp.sra.ebi.ac.uk/vol1/fastq/SRR157/057/SRR15743357/SRR15743357_2.fastq.gz	b1b60fb3c8e2cda146485e2a70fe0554;fa792264b24780cf07b637568960ac26	Myc KO - rep 3
Guo2022	GSE183615	PRJNA761410	RNA	bulk	cBAF	cMyc	Myc_KO		False	SRR15743358	SRX12036011	GSM5563504	PAIRED	1.61	ftp.sra.ebi.ac.uk/vol1/fastq/SRR157/058/SRR15743358/SRR15743358_1.fastq.gz;ftp.sra.ebi.ac.uk/vol1/fastq/SRR157/058/SRR15743358/SRR15743358_2.fastq.gz	09d88f4d691859daedaed506a17dccf1;bcef59aa16e4508309d7ff0838846d50	Myc KO - rep 4
Guo2022	GSE183615	PRJNA761410	RNA	bulk	cBAF	cMyc	Myc_KO		False	SRR15743360	SRX12036012	GSM5563505	PAIRED	1.52	ftp.sra.ebi.ac.uk/vol1/fastq/SRR157/060/SRR15743360/SRR15743360_1.fastq.gz;ftp.sra.ebi.ac.uk/vol1/fastq/SRR157/060/SRR15743360/SRR15743360_2.fastq.gz	07803de23da59f8ec2f1a5bf18828b79;37ecef068b79cacbb3be7c6b4c8e96f1	Myc KO - rep 5
Guo2022	GSE183615	PRJNA761410	RNA	bulk	cBAF	Arid1a	WT		True	SRR15743363	SRX12036014	GSM5563507	PAIRED	5.47	ftp.sra.ebi.ac.uk/vol1/fastq/SRR157/063/SRR15743363/SRR15743363_1.fastq.gz;ftp.sra.ebi.ac.uk/vol1/fastq/SRR157/063/SRR15743363/SRR15743363_2.fastq.gz	9f7f4fd17f7d0ccc04362facd0e6492b;8e4971888c8371a49a3bf727fb046bb9	Arid1a WT - rep 1
Guo2022	GSE183615	PRJNA761410	RNA	bulk	cBAF	Arid1a	WT		True	SRR15743370	SRX12036021	GSM5563514	PAIRED	6.77	ftp.sra.ebi.ac.uk/vol1/fastq/SRR157/070/SRR15743370/SRR15743370_1.fastq.gz;ftp.sra.ebi.ac.uk/vol1/fastq/SRR157/070/SRR15743370/SRR15743370_2.fastq.gz	29da79dbbfa3e464dd59b296d69cff28;857d69b9aa119b8482b889f30c3c6e94	Arid1a WT - rep 3, technical rep 3
Guo2022	GSE183615	PRJNA761410	RNA	bulk	cBAF	cMyc	Myc_WT		False	SRR15743372	SRX12036023	GSM5563496	PAIRED	1.53	ftp.sra.ebi.ac.uk/vol1/fastq/SRR157/072/SRR15743372/SRR15743372_1.fastq.gz;ftp.sra.ebi.ac.uk/vol1/fastq/SRR157/072/SRR15743372/SRR15743372_2.fastq.gz	b286f23fe45aa38c41c9bc3cde2fa7cb;d098933bd0d0cffa228f8c025661340a	Myc WT - rep 1
Guo2022	GSE183615	PRJNA761410	RNA	bulk	cBAF	cMyc	Myc_WT		False	SRR15743376	SRX12036025	GSM5563498	PAIRED	1.49	ftp.sra.ebi.ac.uk/vol1/fastq/SRR157/076/SRR15743376/SRR15743376_1.fastq.gz;ftp.sra.ebi.ac.uk/vol1/fastq/SRR157/076/SRR15743376/SRR15743376_2.fastq.gz	dd086555eea60242997cb49eb036f6a5;627d93033e44ffec0e6e5073392ed98c	Myc WT - rep 3
Guo2022	GSE183615	PRJNA761410	RNA	bulk	cBAF	cMyc	Myc_WT		False	SRR15743379	SRX12036006	GSM5563499	PAIRED	1.48	ftp.sra.ebi.ac.uk/vol1/fastq/SRR157/079/SRR15743379/SRR15743379_1.fastq.gz;ftp.sra.ebi.ac.uk/vol1/fastq/SRR157/079/SRR15743379/SRR15743379_2.fastq.gz	6265fe0ea2cbfe1f6520b03f3007b993;27adf2a023fee9c0a904bafba56b13e3	Myc WT - rep 4
Guo2022	GSE183615	PRJNA761410	RNA	bulk	cBAF	cMyc	Myc_WT		False	SRR15743351	SRX12036007	GSM5563500	PAIRED	1.55	ftp.sra.ebi.ac.uk/vol1/fastq/SRR157/051/SRR15743351/SRR15743351_1.fastq.gz;ftp.sra.ebi.ac.uk/vol1/fastq/SRR157/051/SRR15743351/SRR15743351_2.fastq.gz	e079e688bfd5af84d5ce0696e16d4073;ef49235d650b9031e452c7033af5202e	Myc WT - rep 5
Guo2022	GSE183615	PRJNA761410	RNA	bulk	cBAF	cMyc	Myc_KO		False	SRR15743353	SRX12036008	GSM5563501	PAIRED	1.5	ftp.sra.ebi.ac.uk/vol1/fastq/SRR157/053/SRR15743353/SRR15743353_1.fastq.gz;ftp.sra.ebi.ac.uk/vol1/fastq/SRR157/053/SRR15743353/SRR15743353_2.fastq.gz	d2b5c6ce26acefb332b10e983e85fb57;7957602703460e0829310c191a5234a4	Myc KO - rep 1
Guo2022	GSE183615	PRJNA761410	RNA	bulk	cBAF	cMyc	Myc_KO		False	SRR15743355	SRX12036009	GSM5563502	PAIRED	1.44	ftp.sra.ebi.ac.uk/vol1/fastq/SRR157/055/SRR15743355/SRR15743355_1.fastq.gz;ftp.sra.ebi.ac.uk/vol1/fastq/SRR157/055/SRR15743355/SRR15743355_2.fastq.gz	ddc8bffa243921bdf8693fcb2ac482f9;fcc21cc9cfc1dc0099c3a6dfa89240a0	Myc KO - rep 2
Guo2022	GSE183615	PRJNA761410	RNA	bulk	cBAF	cMyc	Myc_KO		False	SRR15743359	SRX12036011	GSM5563504	PAIRED	1.71	ftp.sra.ebi.ac.uk/vol1/fastq/SRR157/059/SRR15743359/SRR15743359_1.fastq.gz;ftp.sra.ebi.ac.uk/vol1/fastq/SRR157/059/SRR15743359/SRR15743359_2.fastq.gz	5a32244f83d67eb3f25513f24a2d49f1;dad92faeaea77b3f151eb95e85216710	Myc KO - rep 4
Guo2022	GSE183615	PRJNA761410	RNA	bulk	cBAF	Arid1a	KO		True	SRR15743362	SRX12036013	GSM5563506	PAIRED	4.67	ftp.sra.ebi.ac.uk/vol1/fastq/SRR157/062/SRR15743362/SRR15743362_1.fastq.gz;ftp.sra.ebi.ac.uk/vol1/fastq/SRR157/062/SRR15743362/SRR15743362_2.fastq.gz	3710c83f8b9575037eb9d30b0ad92866;0caef46a8fcaade920173a6e641f5210	Arid1a KO - rep 1
Guo2022	GSE183615	PRJNA761410	RNA	bulk	cBAF	Arid1a	WT		True	SRR15743364	SRX12036015	GSM5563508	PAIRED	4.64	ftp.sra.ebi.ac.uk/vol1/fastq/SRR157/064/SRR15743364/SRR15743364_1.fastq.gz;ftp.sra.ebi.ac.uk/vol1/fastq/SRR157/064/SRR15743364/SRR15743364_2.fastq.gz	28f32b515670e84b846970a8f6abe1ba;3136054e251c36beb364f80c901cb0c6	Arid1a WT - rep 2
Guo2022	GSE183615	PRJNA761410	RNA	bulk	cBAF	cMyc	Myc_KO		False	SRR15743361	SRX12036012	GSM5563505	PAIRED	1.61	ftp.sra.ebi.ac.uk/vol1/fastq/SRR157/061/SRR15743361/SRR15743361_1.fastq.gz;ftp.sra.ebi.ac.uk/vol1/fastq/SRR157/061/SRR15743361/SRR15743361_2.fastq.gz	89eebde687a3537f228bb69f9b34360f;da63b26e98b71d78d3cec8261f0ecbda	Myc KO - rep 5
Guo2022	GSE183615	PRJNA761410	RNA	bulk	cBAF	Arid1a	WT		True	SRR15743368	SRX12036019	GSM5563512	PAIRED	5.24	ftp.sra.ebi.ac.uk/vol1/fastq/SRR157/068/SRR15743368/SRR15743368_1.fastq.gz;ftp.sra.ebi.ac.uk/vol1/fastq/SRR157/068/SRR15743368/SRR15743368_2.fastq.gz	cdb84dc14d28de8ff73cfdbe0db962ea;d8f5509d70278562fd853b8ed5696603	Arid1a WT - rep 3, technical rep 2
Guo2022	GSE183615	PRJNA761410	RNA	bulk	cBAF	Arid1a	KO		True	SRR15743365	SRX12036016	GSM5563509	PAIRED	4.48	ftp.sra.ebi.ac.uk/vol1/fastq/SRR157/065/SRR15743365/SRR15743365_1.fastq.gz;ftp.sra.ebi.ac.uk/vol1/fastq/SRR157/065/SRR15743365/SRR15743365_2.fastq.gz	c944ae6d47e6286c81a152d1ab691f3e;ebcb4519ac127d34abcf5292c7a4349c	Arid1a KO - rep 2
Guo2022	GSE183615	PRJNA761410	RNA	bulk	cBAF	cMyc	Myc_WT		False	SRR15743380	SRX12036007	GSM5563500	PAIRED	1.47	ftp.sra.ebi.ac.uk/vol1/fastq/SRR157/080/SRR15743380/SRR15743380_1.fastq.gz;ftp.sra.ebi.ac.uk/vol1/fastq/SRR157/080/SRR15743380/SRR15743380_2.fastq.gz	945783a0a856d615a7da39e9d172835f;f285e5d116196ec76883eacc55608403	Myc WT - rep 5
Guo2022	GSE183615	PRJNA761410	RNA	bulk	cBAF	Arid1a	WT		True	SRR15743366	SRX12036017	GSM5563510	PAIRED	4.93	ftp.sra.ebi.ac.uk/vol1/fastq/SRR157/066/SRR15743366/SRR15743366_1.fastq.gz;ftp.sra.ebi.ac.uk/vol1/fastq/SRR157/066/SRR15743366/SRR15743366_2.fastq.gz	7f1f8cc3f0a8c7b0740dd38aaa1ae865;44b18f30f00c8c95d910a6e5c90ad121	Arid1a WT - rep 3, technical rep 1
Guo2022	GSE183615	PRJNA761410	RNA	bulk	cBAF	Arid1a	KO		True	SRR15743367	SRX12036018	GSM5563511	PAIRED	4.83	ftp.sra.ebi.ac.uk/vol1/fastq/SRR157/067/SRR15743367/SRR15743367_1.fastq.gz;ftp.sra.ebi.ac.uk/vol1/fastq/SRR157/067/SRR15743367/SRR15743367_2.fastq.gz	8cf826420e2e4a2685330a902e85ad23;1faaee197fce9d21ef01f10e2c0fc167	Arid1a KO - rep 3, technical rep 1
Guo2022	GSE183615	PRJNA761410	RNA	bulk	cBAF	Arid1a	KO		True	SRR15743369	SRX12036020	GSM5563513	PAIRED	4.71	ftp.sra.ebi.ac.uk/vol1/fastq/SRR157/069/SRR15743369/SRR15743369_1.fastq.gz;ftp.sra.ebi.ac.uk/vol1/fastq/SRR157/069/SRR15743369/SRR15743369_2.fastq.gz	4392266b09087ec85fedaebbe222d421;11e4ee3f2248bcdb25bf0c3ed6d8fa78	Arid1a KO - rep 3, technical rep 2
Guo2022	GSE183615	PRJNA761410	RNA	bulk	cBAF	Arid1a	KO		True	SRR15743371	SRX12036022	GSM5563515	PAIRED	6.57	ftp.sra.ebi.ac.uk/vol1/fastq/SRR157/071/SRR15743371/SRR15743371_1.fastq.gz;ftp.sra.ebi.ac.uk/vol1/fastq/SRR157/071/SRR15743371/SRR15743371_2.fastq.gz	ae67adabea612528b46ca99a57fea045;9ac120887e2b946960b59b3e7e483425	Arid1a KO - rep 3, technical rep 3
Guo2022	GSE183615	PRJNA761410	RNA	bulk	cBAF	cMyc	Myc_WT		False	SRR15743373	SRX12036023	GSM5563496	PAIRED	1.63	ftp.sra.ebi.ac.uk/vol1/fastq/SRR157/073/SRR15743373/SRR15743373_1.fastq.gz;ftp.sra.ebi.ac.uk/vol1/fastq/SRR157/073/SRR15743373/SRR15743373_2.fastq.gz	c9989a7377eb23c7a1eabacae1da2793;35488f0c56535b00104609bf03a50b8d	Myc WT - rep 1
Guo2022	GSE183615	PRJNA761410	RNA	bulk	cBAF	cMyc	Myc_WT		False	SRR15743374	SRX12036024	GSM5563497	PAIRED	1.26	ftp.sra.ebi.ac.uk/vol1/fastq/SRR157/074/SRR15743374/SRR15743374_1.fastq.gz;ftp.sra.ebi.ac.uk/vol1/fastq/SRR157/074/SRR15743374/SRR15743374_2.fastq.gz	cb445d80127fafa31c6b3b4827cfa4ce;a2d36616ad0fafe731de5e6272b3a575	Myc WT - rep 2
Guo2022	GSE183615	PRJNA761410	RNA	bulk	cBAF	cMyc	Myc_WT		False	SRR15743375	SRX12036024	GSM5563497	PAIRED	1.34	ftp.sra.ebi.ac.uk/vol1/fastq/SRR157/075/SRR15743375/SRR15743375_1.fastq.gz;ftp.sra.ebi.ac.uk/vol1/fastq/SRR157/075/SRR15743375/SRR15743375_2.fastq.gz	0db37fc47d468461fc55c12c186578bc;07d2d02bf8e2a71b9ca58de6a4ab0841	Myc WT - rep 2
Guo2022	GSE183615	PRJNA761410	RNA	bulk	cBAF	cMyc	Myc_WT		False	SRR15743377	SRX12036025	GSM5563498	PAIRED	1.58	ftp.sra.ebi.ac.uk/vol1/fastq/SRR157/077/SRR15743377/SRR15743377_1.fastq.gz;ftp.sra.ebi.ac.uk/vol1/fastq/SRR157/077/SRR15743377/SRR15743377_2.fastq.gz	0cf32b625a47ac62771831b73a44e1f8;446955606a794c671c8f986e1b725901	Myc WT - rep 3
Guo2022	GSE183615	PRJNA761410	RNA	bulk	cBAF	cMyc	Myc_WT		False	SRR15743378	SRX12036006	GSM5563499	PAIRED	1.39	ftp.sra.ebi.ac.uk/vol1/fastq/SRR157/078/SRR15743378/SRR15743378_1.fastq.gz;ftp.sra.ebi.ac.uk/vol1/fastq/SRR157/078/SRR15743378/SRR15743378_2.fastq.gz	4e78f58f3f858391cf52774ac5e89661;0074d662cf652a0a69029a5b93f5f7c9	Myc WT - rep 4
Guo2022	GSE183616	PRJNA761411	ATAC	bulk	NA	naive	Naive	2	False	SRR15743336	SRX12036004	GSM5563523	PAIRED	4.9	ftp.sra.ebi.ac.uk/vol1/fastq/SRR157/036/SRR15743336/SRR15743336_1.fastq.gz;ftp.sra.ebi.ac.uk/vol1/fastq/SRR157/036/SRR15743336/SRR15743336_2.fastq.gz	757cb30a56939bdf65c47dda58413c18;fb480e7d871f39289ccb042f8d96ba4c	Naïve replicate 2
Guo2022	GSE183616	PRJNA761411	ATAC	bulk	NA	naive	Naive	2	False	SRR15743337	SRX12036004	GSM5563523	PAIRED	4.87	ftp.sra.ebi.ac.uk/vol1/fastq/SRR157/037/SRR15743337/SRR15743337_1.fastq.gz;ftp.sra.ebi.ac.uk/vol1/fastq/SRR157/037/SRR15743337/SRR15743337_2.fastq.gz	1ca608f8b379057962173c9a02637855;b4954e8c83dda2183a036bbcdb07c79f	Naïve replicate 2
Guo2022	GSE183616	PRJNA761411	ATAC	bulk	NA	naive	Naive	3	False	SRR15743339	SRX12036005	GSM5563524	PAIRED	2.78	ftp.sra.ebi.ac.uk/vol1/fastq/SRR157/039/SRR15743339/SRR15743339_1.fastq.gz;ftp.sra.ebi.ac.uk/vol1/fastq/SRR157/039/SRR15743339/SRR15743339_2.fastq.gz	e19bee9c505cd09fc38abc94ade6514d;3546b22e60befad1519dfcdb3d0e7580	Naïve replicate 3
Guo2022	GSE183616	PRJNA761411	ATAC	bulk	cBAF	cMyc	Myc_high	2	False	SRR15743343	SRX12035998	GSM5563517	PAIRED	4.33	ftp.sra.ebi.ac.uk/vol1/fastq/SRR157/043/SRR15743343/SRR15743343_1.fastq.gz;ftp.sra.ebi.ac.uk/vol1/fastq/SRR157/043/SRR15743343/SRR15743343_2.fastq.gz	d9eeea41ed506c187023d89c56405307;4ab7a80fd8ca0e3029f5dd4d9972ce66	Myc high replicate 2
Guo2022	GSE183616	PRJNA761411	ATAC	bulk	cBAF	cMyc	Myc_high	3	False	SRR15743344	SRX12035999	GSM5563518	PAIRED	4.41	ftp.sra.ebi.ac.uk/vol1/fastq/SRR157/044/SRR15743344/SRR15743344_1.fastq.gz;ftp.sra.ebi.ac.uk/vol1/fastq/SRR157/044/SRR15743344/SRR15743344_2.fastq.gz	6e4f845216217000a29c7964b8d01fe8;9ccdabc156612e685caab2b3df658403	Myc high replicate 3
Guo2022	GSE183616	PRJNA761411	ATAC	bulk	cBAF	cMyc	Myc_low	1	False	SRR15743346	SRX12036000	GSM5563519	PAIRED	3.55	ftp.sra.ebi.ac.uk/vol1/fastq/SRR157/046/SRR15743346/SRR15743346_1.fastq.gz;ftp.sra.ebi.ac.uk/vol1/fastq/SRR157/046/SRR15743346/SRR15743346_2.fastq.gz	129558ae7c8850f42be6689f91e72f6b;34f83b249ba9b4ef1d78e83a0227aa01	Myc low replicate 1
Guo2022	GSE183616	PRJNA761411	ATAC	bulk	cBAF	cMyc	Myc_low	1	False	SRR15743347	SRX12036000	GSM5563519	PAIRED	3.53	ftp.sra.ebi.ac.uk/vol1/fastq/SRR157/047/SRR15743347/SRR15743347_1.fastq.gz;ftp.sra.ebi.ac.uk/vol1/fastq/SRR157/047/SRR15743347/SRR15743347_2.fastq.gz	1f0e383a232922bc00b1064b6c35ebe7;084ca96059bc239206eb12f807b9f9d2	Myc low replicate 1
Guo2022	GSE183616	PRJNA761411	ATAC	bulk	cBAF	cMyc	Myc_low	2	False	SRR15743349	SRX12036001	GSM5563520	PAIRED	4.6	ftp.sra.ebi.ac.uk/vol1/fastq/SRR157/049/SRR15743349/SRR15743349_1.fastq.gz;ftp.sra.ebi.ac.uk/vol1/fastq/SRR157/049/SRR15743349/SRR15743349_2.fastq.gz	50d6dcddd669ee96681b0404b342f68e;f9a0bee8bce8da677e1cf0035613a684	Myc low replicate 2
Guo2022	GSE183616	PRJNA761411	ATAC	bulk	cBAF	cMyc	Myc_high	1	False	SRR15743340	SRX12035997	GSM5563516	PAIRED	4.0	ftp.sra.ebi.ac.uk/vol1/fastq/SRR157/040/SRR15743340/SRR15743340_1.fastq.gz;ftp.sra.ebi.ac.uk/vol1/fastq/SRR157/040/SRR15743340/SRR15743340_2.fastq.gz	d49774359e22699a51acbc71a31d62f0;484751f674dfe4e12180b3d6977691e5	Myc high replicate 1
Guo2022	GSE183616	PRJNA761411	ATAC	bulk	cBAF	cMyc	Myc_low	2	False	SRR15743348	SRX12036001	GSM5563520	PAIRED	4.62	ftp.sra.ebi.ac.uk/vol1/fastq/SRR157/048/SRR15743348/SRR15743348_1.fastq.gz;ftp.sra.ebi.ac.uk/vol1/fastq/SRR157/048/SRR15743348/SRR15743348_2.fastq.gz	e9e07ebaf878053140a4e3fdc1b0641b;7772841600e0b2196a7457686116286c	Myc low replicate 2
Guo2022	GSE183616	PRJNA761411	ATAC	bulk	cBAF	cMyc	Myc_low	3	False	SRR15743350	SRX12036002	GSM5563521	PAIRED	4.36	ftp.sra.ebi.ac.uk/vol1/fastq/SRR157/050/SRR15743350/SRR15743350_1.fastq.gz;ftp.sra.ebi.ac.uk/vol1/fastq/SRR157/050/SRR15743350/SRR15743350_2.fastq.gz	6c500b2f045c07aef932366aba935aeb;0e8da426a456fdc51c4122ad078d8c66	Myc low replicate 3
Guo2022	GSE183616	PRJNA761411	ATAC	bulk	cBAF	cMyc	Myc_low	3	False	SRR15743333	SRX12036002	GSM5563521	PAIRED	4.34	ftp.sra.ebi.ac.uk/vol1/fastq/SRR157/033/SRR15743333/SRR15743333_1.fastq.gz;ftp.sra.ebi.ac.uk/vol1/fastq/SRR157/033/SRR15743333/SRR15743333_2.fastq.gz	9b26638569a5efd72a6ba8e85c342552;aa992fc6b84c5fb0c974b2a8c9661d74	Myc low replicate 3
Guo2022	GSE183616	PRJNA761411	ATAC	bulk	NA	naive	Naive	1	False	SRR15743334	SRX12036003	GSM5563522	PAIRED	4.13	ftp.sra.ebi.ac.uk/vol1/fastq/SRR157/034/SRR15743334/SRR15743334_1.fastq.gz;ftp.sra.ebi.ac.uk/vol1/fastq/SRR157/034/SRR15743334/SRR15743334_2.fastq.gz	c345cd46ca4574dba6160b93ae98d094;a5ba866b1f090be955618f22814806be	Naïve replicate 1
Guo2022	GSE183616	PRJNA761411	ATAC	bulk	NA	naive	Naive	1	False	SRR15743335	SRX12036003	GSM5563522	PAIRED	4.11	ftp.sra.ebi.ac.uk/vol1/fastq/SRR157/035/SRR15743335/SRR15743335_1.fastq.gz;ftp.sra.ebi.ac.uk/vol1/fastq/SRR157/035/SRR15743335/SRR15743335_2.fastq.gz	3352f9a183f9c26b77f76f9c536736e1;34c4c683fab9aa4ff324579ab4221e6a	Naïve replicate 1
Guo2022	GSE183616	PRJNA761411	ATAC	bulk	NA	naive	Naive	3	False	SRR15743338	SRX12036005	GSM5563524	PAIRED	2.79	ftp.sra.ebi.ac.uk/vol1/fastq/SRR157/038/SRR15743338/SRR15743338_1.fastq.gz;ftp.sra.ebi.ac.uk/vol1/fastq/SRR157/038/SRR15743338/SRR15743338_2.fastq.gz	e5e467b99856e8e3eff94e4f947690b2;698f73bad972fdaabff263bd3f267530	Naïve replicate 3
Guo2022	GSE183616	PRJNA761411	ATAC	bulk	cBAF	cMyc	Myc_high	1	False	SRR15743341	SRX12035997	GSM5563516	PAIRED	3.97	ftp.sra.ebi.ac.uk/vol1/fastq/SRR157/041/SRR15743341/SRR15743341_1.fastq.gz;ftp.sra.ebi.ac.uk/vol1/fastq/SRR157/041/SRR15743341/SRR15743341_2.fastq.gz	51d48c570dda98d2876f830a3d806d83;530e3b0aabd1cd10939d8c633b647b0e	Myc high replicate 1
Guo2022	GSE183616	PRJNA761411	ATAC	bulk	cBAF	cMyc	Myc_high	2	False	SRR15743342	SRX12035998	GSM5563517	PAIRED	4.35	ftp.sra.ebi.ac.uk/vol1/fastq/SRR157/042/SRR15743342/SRR15743342_1.fastq.gz;ftp.sra.ebi.ac.uk/vol1/fastq/SRR157/042/SRR15743342/SRR15743342_2.fastq.gz	50fd16818b304c3a43a842fd0561d57f;6867422bdfe3cd5a997f1b2e8a62ed7c	Myc high replicate 2
Guo2022	GSE183616	PRJNA761411	ATAC	bulk	cBAF	cMyc	Myc_high	3	False	SRR15743345	SRX12035999	GSM5563518	PAIRED	4.39	ftp.sra.ebi.ac.uk/vol1/fastq/SRR157/045/SRR15743345/SRR15743345_1.fastq.gz;ftp.sra.ebi.ac.uk/vol1/fastq/SRR157/045/SRR15743345/SRR15743345_2.fastq.gz	4793dbe54b94da7fc5394d792ba2f7c4;a7cecd1233489aa9c562e0f77a1e9115	Myc high replicate 3
Guo2022	GSE183618	PRJNA761413	ATAC	bulk	cBAF	Arid1a	KO	2	True	SRR15743382	SRX12036027	GSM5563553	PAIRED	31.06	ftp.sra.ebi.ac.uk/vol1/fastq/SRR157/082/SRR15743382/SRR15743382_1.fastq.gz;ftp.sra.ebi.ac.uk/vol1/fastq/SRR157/082/SRR15743382/SRR15743382_2.fastq.gz	42cf303e93bf7d8b395d458898dce1b0;32ae4563f7dab80ff5654e1863105506	Arid1a KO ATAC-seq replicate 2
Guo2022	GSE183618	PRJNA761413	ATAC	bulk	cBAF	WT	WT	3	True	SRR15743386	SRX12036031	GSM5563557	PAIRED	29.66	ftp.sra.ebi.ac.uk/vol1/fastq/SRR157/086/SRR15743386/SRR15743386_1.fastq.gz;ftp.sra.ebi.ac.uk/vol1/fastq/SRR157/086/SRR15743386/SRR15743386_2.fastq.gz	d193bb8f9e33494337ef18683b9f0975;c9c6f55e4c836ca9e50f2f9f7c14ecf8	WT ATAC-seq replicate 3
Guo2022	GSE183618	PRJNA761413	ATAC	bulk	cBAF	cMyc	Myc_KO	1	False	SRR15743389	SRX12036032	GSM5563558	PAIRED	4.72	ftp.sra.ebi.ac.uk/vol1/fastq/SRR157/089/SRR15743389/SRR15743389_1.fastq.gz;ftp.sra.ebi.ac.uk/vol1/fastq/SRR157/089/SRR15743389/SRR15743389_2.fastq.gz	10179adf77de2127dad38ce1315f2286;0428f2aad69f6fc335a66d15291b21bc	Myc KO ATAC-seq replicate 1
Guo2022	GSE183618	PRJNA761413	ATAC	bulk	cBAF	cMyc	Myc_KO	2	False	SRR15743392	SRX12036033	GSM5563559	PAIRED	2.65	ftp.sra.ebi.ac.uk/vol1/fastq/SRR157/092/SRR15743392/SRR15743392_1.fastq.gz;ftp.sra.ebi.ac.uk/vol1/fastq/SRR157/092/SRR15743392/SRR15743392_2.fastq.gz	0ed3f8448010d0d651aa90beed56d2bd;47d7829b64a3547938fdd2b2152dd3a7	Myc KO ATAC-seq replicate 2
Guo2022	GSE183618	PRJNA761413	ATAC	bulk	cBAF	cMyc	Myc_KO	3	False	SRR15743393	SRX12036034	GSM5563560	PAIRED	3.8	ftp.sra.ebi.ac.uk/vol1/fastq/SRR157/093/SRR15743393/SRR15743393_1.fastq.gz;ftp.sra.ebi.ac.uk/vol1/fastq/SRR157/093/SRR15743393/SRR15743393_2.fastq.gz	77e4f862f80bc62ee6c5b3f4b24f35ec;a56ef652641b9226029d38e425815ac3	Myc KO ATAC-seq replicate 3
Guo2022	GSE183618	PRJNA761413	ATAC	bulk	cBAF	WT	WT	4	True	SRR15743396	SRX12036035	GSM5563561	PAIRED	2.27	ftp.sra.ebi.ac.uk/vol1/fastq/SRR157/096/SRR15743396/SRR15743396_1.fastq.gz;ftp.sra.ebi.ac.uk/vol1/fastq/SRR157/096/SRR15743396/SRR15743396_2.fastq.gz	8a3508c2fbabb04997d284c2093fcadf;a128281c7cea41496e26a73ae60f1429	WT ATAC-seq replicate 4
Guo2022	GSE183618	PRJNA761413	ATAC	bulk	cBAF	WT	WT	4	True	SRR15743397	SRX12036035	GSM5563561	PAIRED	2.79	ftp.sra.ebi.ac.uk/vol1/fastq/SRR157/097/SRR15743397/SRR15743397_1.fastq.gz;ftp.sra.ebi.ac.uk/vol1/fastq/SRR157/097/SRR15743397/SRR15743397_2.fastq.gz	a54b6444cde86905c1b757402eea65ab;985c240ef85d9b54d4bb4afca56b35f5	WT ATAC-seq replicate 4
Guo2022	GSE183618	PRJNA761413	ATAC	bulk	cBAF	WT	WT	4	True	SRR15743398	SRX12036035	GSM5563561	PAIRED	2.8	ftp.sra.ebi.ac.uk/vol1/fastq/SRR157/098/SRR15743398/SRR15743398_1.fastq.gz;ftp.sra.ebi.ac.uk/vol1/fastq/SRR157/098/SRR15743398/SRR15743398_2.fastq.gz	cf4c4f6a2860d59c09ce50403a187915;2f7d37a144ce951aeaac594778c9109f	WT ATAC-seq replicate 4
Guo2022	GSE183618	PRJNA761413	ATAC	bulk	cBAF	WT	WT	5	True	SRR15743400	SRX12036036	GSM5563562	PAIRED	3.51	ftp.sra.ebi.ac.uk/vol1/fastq/SRR157/000/SRR15743400/SRR15743400_1.fastq.gz;ftp.sra.ebi.ac.uk/vol1/fastq/SRR157/000/SRR15743400/SRR15743400_2.fastq.gz	03ee840b7825e5072ff05ed623c7e843;c3d364d9421a262c739ab264d8414d9d	WT ATAC-seq replicate 5
Guo2022	GSE183618	PRJNA761413	ATAC	bulk	cBAF	WT	WT	6	True	SRR15743403	SRX12036037	GSM5563563	PAIRED	4.02	ftp.sra.ebi.ac.uk/vol1/fastq/SRR157/003/SRR15743403/SRR15743403_1.fastq.gz;ftp.sra.ebi.ac.uk/vol1/fastq/SRR157/003/SRR15743403/SRR15743403_2.fastq.gz	b10630d495e7af0b1be537bf8e0683a1;d28ec59f1d05f2b1293f2efa4027bec7	WT ATAC-seq replicate 6
Guo2022	GSE183618	PRJNA761413	ATAC	bulk	cBAF	Arid1a	KO	3	True	SRR15743383	SRX12036028	GSM5563554	PAIRED	42.28	ftp.sra.ebi.ac.uk/vol1/fastq/SRR157/083/SRR15743383/SRR15743383_1.fastq.gz;ftp.sra.ebi.ac.uk/vol1/fastq/SRR157/083/SRR15743383/SRR15743383_2.fastq.gz	c3d643f9d157881e62623e444c5d40bb;e05b2278c578fa2ba1a765aeda8aa56a	Arid1a KO ATAC-seq replicate 3
Guo2022	GSE183618	PRJNA761413	ATAC	bulk	cBAF	WT	WT	1	True	SRR15743384	SRX12036029	GSM5563555	PAIRED	33.46	ftp.sra.ebi.ac.uk/vol1/fastq/SRR157/084/SRR15743384/SRR15743384_1.fastq.gz;ftp.sra.ebi.ac.uk/vol1/fastq/SRR157/084/SRR15743384/SRR15743384_2.fastq.gz	7839824af9b0462cda4b22b813bacc3d;bcc7184ab841b2e4cc8d1e8da1a25c56	WT ATAC-seq replicate 1
Guo2022	GSE183618	PRJNA761413	ATAC	bulk	cBAF	cMyc	Myc_KO	1	False	SRR15743388	SRX12036032	GSM5563558	PAIRED	4.67	ftp.sra.ebi.ac.uk/vol1/fastq/SRR157/088/SRR15743388/SRR15743388_1.fastq.gz;ftp.sra.ebi.ac.uk/vol1/fastq/SRR157/088/SRR15743388/SRR15743388_2.fastq.gz	db15a721df1aeed6917bf5cc82fb9c53;fb42d6e669f33e88ec1fe8b8de75d9a8	Myc KO ATAC-seq replicate 1
Guo2022	GSE183618	PRJNA761413	ATAC	bulk	cBAF	cMyc	Myc_KO	2	False	SRR15743391	SRX12036033	GSM5563559	PAIRED	2.63	ftp.sra.ebi.ac.uk/vol1/fastq/SRR157/091/SRR15743391/SRR15743391_1.fastq.gz;ftp.sra.ebi.ac.uk/vol1/fastq/SRR157/091/SRR15743391/SRR15743391_2.fastq.gz	e0edc3365114f0650cc785ec903ad599;02f0bb77546191a92a4a48ae51838c85	Myc KO ATAC-seq replicate 2
Guo2022	GSE183618	PRJNA761413	ATAC	bulk	cBAF	cMyc	Myc_KO	3	False	SRR15743394	SRX12036034	GSM5563560	PAIRED	2.63	ftp.sra.ebi.ac.uk/vol1/fastq/SRR157/094/SRR15743394/SRR15743394_1.fastq.gz;ftp.sra.ebi.ac.uk/vol1/fastq/SRR157/094/SRR15743394/SRR15743394_2.fastq.gz	5dbd7c7910d65811a938372cb7a7db94;d3b00c2520d10da8bad6bacc2db464fd	Myc KO ATAC-seq replicate 3
Guo2022	GSE183618	PRJNA761413	ATAC	bulk	cBAF	cMyc	Myc_KO	3	False	SRR15743395	SRX12036034	GSM5563560	PAIRED	2.63	ftp.sra.ebi.ac.uk/vol1/fastq/SRR157/095/SRR15743395/SRR15743395_1.fastq.gz;ftp.sra.ebi.ac.uk/vol1/fastq/SRR157/095/SRR15743395/SRR15743395_2.fastq.gz	f5838028ddd2a3329bc1d2eba6ed5a94;9b268c066d622a96a576559b2724babd	Myc KO ATAC-seq replicate 3
Guo2022	GSE183618	PRJNA761413	ATAC	bulk	cBAF	WT	WT	6	True	SRR15743402	SRX12036037	GSM5563563	PAIRED	4.15	ftp.sra.ebi.ac.uk/vol1/fastq/SRR157/002/SRR15743402/SRR15743402_1.fastq.gz;ftp.sra.ebi.ac.uk/vol1/fastq/SRR157/002/SRR15743402/SRR15743402_2.fastq.gz	13017746687f7067e4cdfba4a6e0dbf0;b4f17f79d09bdeccc5f5549e47924ee5	WT ATAC-seq replicate 6
Guo2022	GSE183618	PRJNA761413	ATAC	bulk	cBAF	WT	WT	6	True	SRR15743404	SRX12036037	GSM5563563	PAIRED	4.01	ftp.sra.ebi.ac.uk/vol1/fastq/SRR157/004/SRR15743404/SRR15743404_1.fastq.gz;ftp.sra.ebi.ac.uk/vol1/fastq/SRR157/004/SRR15743404/SRR15743404_2.fastq.gz	6006f86b2fed937e90873786f9223f44;fb8962074dcc315cd0af96a97cbff6ac	WT ATAC-seq replicate 6
Guo2022	GSE183618	PRJNA761413	ATAC	bulk	cBAF	Arid1a	KO	1	True	SRR15743381	SRX12036026	GSM5563552	PAIRED	36.21	ftp.sra.ebi.ac.uk/vol1/fastq/SRR157/081/SRR15743381/SRR15743381_1.fastq.gz;ftp.sra.ebi.ac.uk/vol1/fastq/SRR157/081/SRR15743381/SRR15743381_2.fastq.gz	516485ec7cc22685d02c70eae12ed42d;c1efe4fc75d8d15a86d4db31ace823e6	Arid1a KO ATAC-seq replicate 1
Guo2022	GSE183618	PRJNA761413	ATAC	bulk	cBAF	WT	WT	2	True	SRR15743385	SRX12036030	GSM5563556	PAIRED	37.85	ftp.sra.ebi.ac.uk/vol1/fastq/SRR157/085/SRR15743385/SRR15743385_1.fastq.gz;ftp.sra.ebi.ac.uk/vol1/fastq/SRR157/085/SRR15743385/SRR15743385_2.fastq.gz	aff092e882f230e6a44d8463ccb474aa;d976b25ff4a8014239ec10382f48fe2b	WT ATAC-seq replicate 2
Guo2022	GSE183618	PRJNA761413	ATAC	bulk	cBAF	cMyc	Myc_KO	1	False	SRR15743387	SRX12036032	GSM5563558	PAIRED	5.26	ftp.sra.ebi.ac.uk/vol1/fastq/SRR157/087/SRR15743387/SRR15743387_1.fastq.gz;ftp.sra.ebi.ac.uk/vol1/fastq/SRR157/087/SRR15743387/SRR15743387_2.fastq.gz	1515b564720446b4a163623beb70caaf;303c934199283f50dfef8fce4ad4abc7	Myc KO ATAC-seq replicate 1
Guo2022	GSE183618	PRJNA761413	ATAC	bulk	cBAF	cMyc	Myc_KO	2	False	SRR15743390	SRX12036033	GSM5563559	PAIRED	2.5	ftp.sra.ebi.ac.uk/vol1/fastq/SRR157/090/SRR15743390/SRR15743390_1.fastq.gz;ftp.sra.ebi.ac.uk/vol1/fastq/SRR157/090/SRR15743390/SRR15743390_2.fastq.gz	4c20dcdd3f92259f26408fd5de1caf8d;e724fea7fb9f517339d36981d3ae0f5b	Myc KO ATAC-seq replicate 2
Guo2022	GSE183618	PRJNA761413	ATAC	bulk	cBAF	WT	WT	5	True	SRR15743399	SRX12036036	GSM5563562	PAIRED	2.7	ftp.sra.ebi.ac.uk/vol1/fastq/SRR157/099/SRR15743399/SRR15743399_1.fastq.gz;ftp.sra.ebi.ac.uk/vol1/fastq/SRR157/099/SRR15743399/SRR15743399_2.fastq.gz	135eab97f06de7d97e8a29134f87669b;12b18078a0bc581168e491fe0f4b4b00	WT ATAC-seq replicate 5
Guo2022	GSE183618	PRJNA761413	ATAC	bulk	cBAF	WT	WT	5	True	SRR15743401	SRX12036036	GSM5563562	PAIRED	3.53	ftp.sra.ebi.ac.uk/vol1/fastq/SRR157/001/SRR15743401/SRR15743401_1.fastq.gz;ftp.sra.ebi.ac.uk/vol1/fastq/SRR157/001/SRR15743401/SRR15743401_2.fastq.gz	f54bcd83fe6081b66de0e9dde84548ea;324c87435926158786f3a39c5ce07b31	WT ATAC-seq replicate 5
Guo2022	GSE199184	PRJNA818712	RNA	bulk	cBAF	Arid1a	inhibitor_BRDK98645985	4	True	SRR18435811	SRX14569619	GSM5966486	PAIRED	4.17	ftp.sra.ebi.ac.uk/vol1/fastq/SRR184/011/SRR18435811/SRR18435811_1.fastq.gz;ftp.sra.ebi.ac.uk/vol1/fastq/SRR184/011/SRR18435811/SRR18435811_2.fastq.gz	0589df5f9072ca167c30929a5b5cad3a;6445535888b0c96b2efce2295f600295	BRD-K98645985-treated replicate 4
Guo2022	GSE199184	PRJNA818712	RNA	bulk	cBAF	Arid1a	inhibitor_BRDK98645985	2	True	SRR18435813	SRX14569617	GSM5966484	PAIRED	3.33	ftp.sra.ebi.ac.uk/vol1/fastq/SRR184/013/SRR18435813/SRR18435813_1.fastq.gz;ftp.sra.ebi.ac.uk/vol1/fastq/SRR184/013/SRR18435813/SRR18435813_2.fastq.gz	d3362e2e5c112d80f6adeca2b9696084;78e9335c8a8e9de1250300567e485de1	BRD-K98645985-treated replicate 2
Guo2022	GSE199184	PRJNA818712	RNA	bulk	cBAF	WT	WT	3	True	SRR18435816	SRX14569614	GSM5966481	PAIRED	1.82	ftp.sra.ebi.ac.uk/vol1/fastq/SRR184/016/SRR18435816/SRR18435816_1.fastq.gz;ftp.sra.ebi.ac.uk/vol1/fastq/SRR184/016/SRR18435816/SRR18435816_2.fastq.gz	b0b16b42cb21ccc592ee92698bd334fa;590104d9b354d40d93d1272ff9684023	WT Control replicate 3
Guo2022	GSE199184	PRJNA818712	RNA	bulk	cBAF	WT	WT	1	True	SRR18435818	SRX14569612	GSM5966479	PAIRED	2.27	ftp.sra.ebi.ac.uk/vol1/fastq/SRR184/018/SRR18435818/SRR18435818_1.fastq.gz;ftp.sra.ebi.ac.uk/vol1/fastq/SRR184/018/SRR18435818/SRR18435818_2.fastq.gz	b99c243726b8999e047ad733b97a5460;9062aaa27288d99b51f0c5f21d49f62d	WT Control replicate 1
Guo2022	GSE199184	PRJNA818712	RNA	bulk	cBAF	Arid1a	inhibitor_BRDK98645985	3	True	SRR18435812	SRX14569618	GSM5966485	PAIRED	2.56	ftp.sra.ebi.ac.uk/vol1/fastq/SRR184/012/SRR18435812/SRR18435812_1.fastq.gz;ftp.sra.ebi.ac.uk/vol1/fastq/SRR184/012/SRR18435812/SRR18435812_2.fastq.gz	90b4bbb2553e69117960391049859290;cad1424366b638f9f3b2171d232b78cc	BRD-K98645985-treated replicate 3
Guo2022	GSE199184	PRJNA818712	RNA	bulk	cBAF	Arid1a	inhibitor_BRDK98645985	1	True	SRR18435814	SRX14569616	GSM5966483	PAIRED	2.4	ftp.sra.ebi.ac.uk/vol1/fastq/SRR184/014/SRR18435814/SRR18435814_1.fastq.gz;ftp.sra.ebi.ac.uk/vol1/fastq/SRR184/014/SRR18435814/SRR18435814_2.fastq.gz	9da37e194bdf0d3475b0809dbdb2e327;ccb8ce76f856649316db3b108f0bf684	BRD-K98645985-treated replicate 1
Guo2022	GSE199184	PRJNA818712	RNA	bulk	cBAF	WT	WT	4	True	SRR18435815	SRX14569615	GSM5966482	PAIRED	2.06	ftp.sra.ebi.ac.uk/vol1/fastq/SRR184/015/SRR18435815/SRR18435815_1.fastq.gz;ftp.sra.ebi.ac.uk/vol1/fastq/SRR184/015/SRR18435815/SRR18435815_2.fastq.gz	2b9bb3d306744db38cf02ced9eda4ad7;87fdff421c8b2d22eda2ad88b2987b80	WT Control replicate 4
Guo2022	GSE199184	PRJNA818712	RNA	bulk	cBAF	WT	WT	2	True	SRR18435817	SRX14569613	GSM5966480	PAIRED	2.16	ftp.sra.ebi.ac.uk/vol1/fastq/SRR184/017/SRR18435817/SRR18435817_1.fastq.gz;ftp.sra.ebi.ac.uk/vol1/fastq/SRR184/017/SRR18435817/SRR18435817_2.fastq.gz	7e5f30a7c7ee47121211eee08fb8544c;ec11df983d0c10a5f55ebae7c7de37f9	WT Control replicate 2
Guo2022	GSE198894	PRJNA817256	ATAC	bulk	cBAF	Arid1a	DMSO_KO	3	True	SRR18360569	SRX14495204	GSM5959121	PAIRED	2.89	ftp.sra.ebi.ac.uk/vol1/fastq/SRR183/069/SRR18360569/SRR18360569_1.fastq.gz;ftp.sra.ebi.ac.uk/vol1/fastq/SRR183/069/SRR18360569/SRR18360569_2.fastq.gz	9521c8808bd374b8fca2917cbd3ae230;5f81e2a0dd91ccad0294d2450561c406	DMSO-treated Arid1a KO ATAC-seq replicate 3
Guo2022	GSE198894	PRJNA817256	ATAC	bulk	cBAF	Arid1a	DMSO_KO	2	True	SRR18360572	SRX14495203	GSM5959120	PAIRED	2.9	ftp.sra.ebi.ac.uk/vol1/fastq/SRR183/072/SRR18360572/SRR18360572_1.fastq.gz;ftp.sra.ebi.ac.uk/vol1/fastq/SRR183/072/SRR18360572/SRR18360572_2.fastq.gz	491c3acadbbd3c250413a659ddbbc85c;6049d8580d3b23e4476b67b150ac6ee7	DMSO-treated Arid1a KO ATAC-seq replicate 2
Guo2022	GSE198894	PRJNA817256	ATAC	bulk	cBAF	Arid1a	DMSO_KO	1	True	SRR18360573	SRX14495202	GSM5959119	PAIRED	2.72	ftp.sra.ebi.ac.uk/vol1/fastq/SRR183/073/SRR18360573/SRR18360573_1.fastq.gz;ftp.sra.ebi.ac.uk/vol1/fastq/SRR183/073/SRR18360573/SRR18360573_2.fastq.gz	9d1e15a7d2cdaffc20da3dc14f61e59a;a8e66ce6a485f443646d70ccad777cce	DMSO-treated Arid1a KO ATAC-seq replicate 1
Guo2022	GSE198894	PRJNA817256	ATAC	bulk	cBAF	Arid1a	DMSO_KO	1	True	SRR18360574	SRX14495202	GSM5959119	PAIRED	2.63	ftp.sra.ebi.ac.uk/vol1/fastq/SRR183/074/SRR18360574/SRR18360574_1.fastq.gz;ftp.sra.ebi.ac.uk/vol1/fastq/SRR183/074/SRR18360574/SRR18360574_2.fastq.gz	58c1836a967728f2cb2f44e79abdeea5;dff62b910cfb91f7a50f05445d706a20	DMSO-treated Arid1a KO ATAC-seq replicate 1
Guo2022	GSE198894	PRJNA817256	ATAC	bulk	cBAF	Arid1a	inhibitor_BRDK98645985	1	True	SRR18360579	SRX14495199	GSM5959116	PAIRED	3.09	ftp.sra.ebi.ac.uk/vol1/fastq/SRR183/079/SRR18360579/SRR18360579_1.fastq.gz;ftp.sra.ebi.ac.uk/vol1/fastq/SRR183/079/SRR18360579/SRR18360579_2.fastq.gz	4ecc9d1caeb6958600a0d69b0107e7cd;bd4458c615c73153040e95fb3f8c4a32	BRD-K98645985-treated ATAC-seq replicate 1
Guo2022	GSE198894	PRJNA817256	ATAC	bulk	cBAF	Arid1a	DMSO_WT	3	True	SRR18360563	SRX14495207	GSM5959124	PAIRED	2.95	ftp.sra.ebi.ac.uk/vol1/fastq/SRR183/063/SRR18360563/SRR18360563_1.fastq.gz;ftp.sra.ebi.ac.uk/vol1/fastq/SRR183/063/SRR18360563/SRR18360563_2.fastq.gz	93446ea35fb73e436817eb7f7eb68d56;dea4895e5e621bc2cf5016494a98eb4a	DMSO-treated WT ATAC-seq replicate 3
Guo2022	GSE198894	PRJNA817256	ATAC	bulk	cBAF	Arid1a	DMSO_WT	2	True	SRR18360565	SRX14495206	GSM5959123	PAIRED	2.26	ftp.sra.ebi.ac.uk/vol1/fastq/SRR183/065/SRR18360565/SRR18360565_1.fastq.gz;ftp.sra.ebi.ac.uk/vol1/fastq/SRR183/065/SRR18360565/SRR18360565_2.fastq.gz	dedcc5d320d7d39906bdc77c8029ae18;96174de569bd4d9d2a83bc6b582a24fe	DMSO-treated WT ATAC-seq replicate 2
Guo2022	GSE198894	PRJNA817256	ATAC	bulk	cBAF	Arid1a	DMSO_WT	2	True	SRR18360566	SRX14495206	GSM5959123	PAIRED	2.2	ftp.sra.ebi.ac.uk/vol1/fastq/SRR183/066/SRR18360566/SRR18360566_1.fastq.gz;ftp.sra.ebi.ac.uk/vol1/fastq/SRR183/066/SRR18360566/SRR18360566_2.fastq.gz	787905cd99a6736b4a5b927d4d21a22e;27fe31177639705a353ca8f103074f1f	DMSO-treated WT ATAC-seq replicate 2
Guo2022	GSE198894	PRJNA817256	ATAC	bulk	cBAF	Arid1a	DMSO_KO	3	True	SRR18360570	SRX14495204	GSM5959121	PAIRED	2.81	ftp.sra.ebi.ac.uk/vol1/fastq/SRR183/070/SRR18360570/SRR18360570_1.fastq.gz;ftp.sra.ebi.ac.uk/vol1/fastq/SRR183/070/SRR18360570/SRR18360570_2.fastq.gz	5be31e3b2c5b4a5154e3426d956a7614;8295d7555abf2c9e64dde6dbe105ff4d	DMSO-treated Arid1a KO ATAC-seq replicate 3
Guo2022	GSE198894	PRJNA817256	ATAC	bulk	cBAF	Arid1a	DMSO_KO	2	True	SRR18360571	SRX14495203	GSM5959120	PAIRED	2.97	ftp.sra.ebi.ac.uk/vol1/fastq/SRR183/071/SRR18360571/SRR18360571_1.fastq.gz;ftp.sra.ebi.ac.uk/vol1/fastq/SRR183/071/SRR18360571/SRR18360571_2.fastq.gz	0bac5f9619dfef5065d7714f45c7fbbf;f67f0485abb38448c61a4b3bea65012a	DMSO-treated Arid1a KO ATAC-seq replicate 2
Guo2022	GSE198894	PRJNA817256	ATAC	bulk	cBAF	Arid1a	inhibitor_BRDK98645985	1	True	SRR18360580	SRX14495199	GSM5959116	PAIRED	3.0	ftp.sra.ebi.ac.uk/vol1/fastq/SRR183/080/SRR18360580/SRR18360580_1.fastq.gz;ftp.sra.ebi.ac.uk/vol1/fastq/SRR183/080/SRR18360580/SRR18360580_2.fastq.gz	4795c5b0372655364c2a24238c79155d;1ae3ed17a0927630ec06ebaf3639431f	BRD-K98645985-treated ATAC-seq replicate 1
Guo2022	GSE198894	PRJNA817256	ATAC	bulk	cBAF	Arid1a	DMSO_WT	3	True	SRR18360564	SRX14495207	GSM5959124	PAIRED	2.89	ftp.sra.ebi.ac.uk/vol1/fastq/SRR183/064/SRR18360564/SRR18360564_1.fastq.gz;ftp.sra.ebi.ac.uk/vol1/fastq/SRR183/064/SRR18360564/SRR18360564_2.fastq.gz	ea3af4a71ed8aec10802802ba1cb660f;2df370ade8b9aa79683b53c71d3d2b26	DMSO-treated WT ATAC-seq replicate 3
Guo2022	GSE198894	PRJNA817256	ATAC	bulk	cBAF	Arid1a	DMSO_WT	1	True	SRR18360567	SRX14495205	GSM5959122	PAIRED	3.9	ftp.sra.ebi.ac.uk/vol1/fastq/SRR183/067/SRR18360567/SRR18360567_1.fastq.gz;ftp.sra.ebi.ac.uk/vol1/fastq/SRR183/067/SRR18360567/SRR18360567_2.fastq.gz	c0253d3682e8f956f3ccce3270e717e4;a3cd1e7df6eef5e09bd9009824c195bb	DMSO-treated WT ATAC-seq replicate 1
Guo2022	GSE198894	PRJNA817256	ATAC	bulk	cBAF	Arid1a	DMSO_WT	1	True	SRR18360568	SRX14495205	GSM5959122	PAIRED	3.76	ftp.sra.ebi.ac.uk/vol1/fastq/SRR183/068/SRR18360568/SRR18360568_1.fastq.gz;ftp.sra.ebi.ac.uk/vol1/fastq/SRR183/068/SRR18360568/SRR18360568_2.fastq.gz	fe87a49daa3ca721046d3eed8c30307c;a8f13f35749b53668a431d65e3dc67bb	DMSO-treated WT ATAC-seq replicate 1
Guo2022	GSE198894	PRJNA817256	ATAC	bulk	cBAF	Arid1a	inhibitor_BRDK98645985	3	True	SRR18360575	SRX14495201	GSM5959118	PAIRED	1.95	ftp.sra.ebi.ac.uk/vol1/fastq/SRR183/075/SRR18360575/SRR18360575_1.fastq.gz;ftp.sra.ebi.ac.uk/vol1/fastq/SRR183/075/SRR18360575/SRR18360575_2.fastq.gz	6b8dcad09c33e357487f0d162d9d8227;836976a46d4837a418d2688e384cb5e3	BRD-K98645985-treated ATAC-seq replicate 3
Guo2022	GSE198894	PRJNA817256	ATAC	bulk	cBAF	Arid1a	inhibitor_BRDK98645985	3	True	SRR18360576	SRX14495201	GSM5959118	PAIRED	1.91	ftp.sra.ebi.ac.uk/vol1/fastq/SRR183/076/SRR18360576/SRR18360576_1.fastq.gz;ftp.sra.ebi.ac.uk/vol1/fastq/SRR183/076/SRR18360576/SRR18360576_2.fastq.gz	08abdce01e7e7d48e849d3b7e2e5e7fd;fcfaec9a05780ced78b6675f2fe06a4b	BRD-K98645985-treated ATAC-seq replicate 3
Guo2022	GSE198894	PRJNA817256	ATAC	bulk	cBAF	Arid1a	inhibitor_BRDK98645985	2	True	SRR18360577	SRX14495200	GSM5959117	PAIRED	2.98	ftp.sra.ebi.ac.uk/vol1/fastq/SRR183/077/SRR18360577/SRR18360577_1.fastq.gz;ftp.sra.ebi.ac.uk/vol1/fastq/SRR183/077/SRR18360577/SRR18360577_2.fastq.gz	de6314677dac7365cfb7ec85ad3314a9;66840cd0969e102e9d8a60e7d47f624c	BRD-K98645985-treated ATAC-seq replicate 2
Guo2022	GSE198894	PRJNA817256	ATAC	bulk	cBAF	Arid1a	inhibitor_BRDK98645985	2	True	SRR18360578	SRX14495200	GSM5959117	PAIRED	2.89	ftp.sra.ebi.ac.uk/vol1/fastq/SRR183/078/SRR18360578/SRR18360578_1.fastq.gz;ftp.sra.ebi.ac.uk/vol1/fastq/SRR183/078/SRR18360578/SRR18360578_2.fastq.gz	2c14e1d62b83c1115ea0a109ba3782ba;53ff48f8d7446c77076aa5156e0fa478	BRD-K98645985-treated ATAC-seq replicate 2
Baxter2023	GSE211409	PRJNA870147	ATAC	bulk	PBAF	Pbrm1	sgPbrm1_e7.1+ Cas9+ P14, Replicate B	B	False	SRR21093323	SRX17107690	GSM6469652	PAIRED	0.63	ftp.sra.ebi.ac.uk/vol1/fastq/SRR210/023/SRR21093323/SRR21093323_1.fastq.gz;ftp.sra.ebi.ac.uk/vol1/fastq/SRR210/023/SRR21093323/SRR21093323_2.fastq.gz	9c563788952b2ec914428f394ef7f4ee;935ed062d7105f2a9d0139457aa9694b	sgPbrm1_e7.1+ Cas9+ P14, Replicate B [ATAC_sgPbrm1-e71-B_S4]
Baxter2023	GSE211409	PRJNA870147	ATAC	bulk	PBAF	Pbrm1	sgPbrm1_e7.1+ Cas9+ P14, Replicate A	A	False	SRR21093324	SRX17107689	GSM6469651	PAIRED	0.65	ftp.sra.ebi.ac.uk/vol1/fastq/SRR210/024/SRR21093324/SRR21093324_1.fastq.gz;ftp.sra.ebi.ac.uk/vol1/fastq/SRR210/024/SRR21093324/SRR21093324_2.fastq.gz	09d6d2d840dbcfdb5df896347f6283cb;c824827786d16a097a8c2406a476800c	sgPbrm1_e7.1+ Cas9+ P14, Replicate A [ATAC_sgPbrm1-e71-A_S5]
Baxter2023	GSE211409	PRJNA870147	ATAC	bulk	PBAF	Arid2	sgArid2_e13.1+ Cas9+ P14, Replicate B	B	False	SRR21093329	SRX17107684	GSM6469646	PAIRED	0.83	ftp.sra.ebi.ac.uk/vol1/fastq/SRR210/029/SRR21093329/SRR21093329_1.fastq.gz;ftp.sra.ebi.ac.uk/vol1/fastq/SRR210/029/SRR21093329/SRR21093329_2.fastq.gz	ccd3265fb4995b7750c589259e25fd54;d14e3837bcb2ff22e9bebb47dbb2ba35	sgArid2_e13.1+ Cas9+ P14, Replicate B [ATAC_sgArid2-e31-B_S1]
Baxter2023	GSE211409	PRJNA870147	ATAC	bulk	control	sgControl(Ano9)	sgAno9+ Cas9+ P14, Replicate B	B	False	SRR21093332	SRX17107681	GSM6469643	PAIRED	0.88	ftp.sra.ebi.ac.uk/vol1/fastq/SRR210/032/SRR21093332/SRR21093332_1.fastq.gz;ftp.sra.ebi.ac.uk/vol1/fastq/SRR210/032/SRR21093332/SRR21093332_2.fastq.gz	80fd47cf2be85c88c1dad6de3e2a5712;8d6cea70b980f6a4feea57f8cd70c53a	sgAno9+ Cas9+ P14, Replicate B [ATAC_sgAno9-B_S10]
Baxter2023	GSE211409	PRJNA870147	ATAC	bulk	PBAF	Pbrm1	sgPbrm1_e4.1+ Cas9+ P14, Replicate B	B	False	SRR21093325	SRX17107688	GSM6469650	PAIRED	0.74	ftp.sra.ebi.ac.uk/vol1/fastq/SRR210/025/SRR21093325/SRR21093325_1.fastq.gz;ftp.sra.ebi.ac.uk/vol1/fastq/SRR210/025/SRR21093325/SRR21093325_2.fastq.gz	26f4bf8c05ea2aa4c66a40db59055f3f;8953982d8b9b35aaf3166dba8c09d95f	sgPbrm1_e4.1+ Cas9+ P14, Replicate B [ATAC_sgPbrm1-e41-B_S6]
Baxter2023	GSE211409	PRJNA870147	ATAC	bulk	PBAF	Pbrm1	sgPbrm1_e4.1+ Cas9+ P14, Replicate A	A	False	SRR21093326	SRX17107687	GSM6469649	PAIRED	0.74	ftp.sra.ebi.ac.uk/vol1/fastq/SRR210/026/SRR21093326/SRR21093326_1.fastq.gz;ftp.sra.ebi.ac.uk/vol1/fastq/SRR210/026/SRR21093326/SRR21093326_2.fastq.gz	69b6a37c197990f5d61a6056d0b7b257;c7a9ad2a6b7d94c0ec94dc10650fdc74	sgPbrm1_e4.1+ Cas9+ P14, Replicate A [ATAC_sgPbrm1-e41-A_S3]
Baxter2023	GSE211409	PRJNA870147	ATAC	bulk	PBAF	Arid2	sgArid2_e3.1+ Cas9+ P14, Replicate B	B	False	SRR21093327	SRX17107686	GSM6469648	PAIRED	0.68	ftp.sra.ebi.ac.uk/vol1/fastq/SRR210/027/SRR21093327/SRR21093327_1.fastq.gz;ftp.sra.ebi.ac.uk/vol1/fastq/SRR210/027/SRR21093327/SRR21093327_2.fastq.gz	42b8cb9e67d6bbdb2a56d7a35969faf0;69b2bc4e7b3b0a782799ac3b9a73507f	sgArid2_e3.1+ Cas9+ P14, Replicate B [ATAC_sgArid2-e131-B_S9]
Baxter2023	GSE211409	PRJNA870147	ATAC	bulk	PBAF	Arid2	sgArid2_e3.1+ Cas9+ P14, Replicate A	A	False	SRR21093328	SRX17107685	GSM6469647	PAIRED	0.75	ftp.sra.ebi.ac.uk/vol1/fastq/SRR210/028/SRR21093328/SRR21093328_1.fastq.gz;ftp.sra.ebi.ac.uk/vol1/fastq/SRR210/028/SRR21093328/SRR21093328_2.fastq.gz	ee94ba93c0c3796e1fc20fb097621a56;c6891ef84271a981f4b39ba74dc6503b	sgArid2_e3.1+ Cas9+ P14, Replicate A [ATAC_sgArid2-e131-A_S8]
Baxter2023	GSE211409	PRJNA870147	ATAC	bulk	control	sgControl(Ano9)	sgAno9+ Cas9+ P14, Replicate C	C	False	SRR21093331	SRX17107682	GSM6469644	PAIRED	0.84	ftp.sra.ebi.ac.uk/vol1/fastq/SRR210/031/SRR21093331/SRR21093331_1.fastq.gz;ftp.sra.ebi.ac.uk/vol1/fastq/SRR210/031/SRR21093331/SRR21093331_2.fastq.gz	72e0c1f73814c03b5c52773a068d2ac7;8f252a4738e65e3c878f636711067c29	sgAno9+ Cas9+ P14, Replicate C [ATAC_sgAno9-C_S2]
Baxter2023	GSE211409	PRJNA870147	ATAC	bulk	PBAF	Arid2	sgArid2_e13.1+ Cas9+ P14, Replicate A	A	False	SRR21093330	SRX17107683	GSM6469645	PAIRED	0.77	ftp.sra.ebi.ac.uk/vol1/fastq/SRR210/030/SRR21093330/SRR21093330_1.fastq.gz;ftp.sra.ebi.ac.uk/vol1/fastq/SRR210/030/SRR21093330/SRR21093330_2.fastq.gz	650f10f4b5c217f7b0e4e3fa85c4b446;1448c5947839ae84f03dfbe8f4190333	sgArid2_e13.1+ Cas9+ P14, Replicate A [ATAC_sgArid2-e31-A_S7]
Baxter2023	GSE211410	PRJNA870148	RNA	bulk	PBAF	Pbrm1	sgPbrm1_e7.1+ Cas9+ P14, Replicate B	B	False	SRR21093334	SRX17107702	GSM6469663	PAIRED	1.12	ftp.sra.ebi.ac.uk/vol1/fastq/SRR210/034/SRR21093334/SRR21093334_1.fastq.gz;ftp.sra.ebi.ac.uk/vol1/fastq/SRR210/034/SRR21093334/SRR21093334_2.fastq.gz	c8c8b9c3078e035a592248ae2b4db5d0;d0f03f70ada2d556b950f13b5338ce91	sgPbrm1_e7.1+ Cas9+ P14, Replicate B [RNA_sgPbrm1_e7.1_B]
Baxter2023	GSE211410	PRJNA870148	RNA	bulk	PBAF	Pbrm1	sgPbrm1_e4.1+ Cas9+ P14, Replicate A	A	False	SRR21093337	SRX17107699	GSM6469660	PAIRED	1.78	ftp.sra.ebi.ac.uk/vol1/fastq/SRR210/037/SRR21093337/SRR21093337_1.fastq.gz;ftp.sra.ebi.ac.uk/vol1/fastq/SRR210/037/SRR21093337/SRR21093337_2.fastq.gz	ee0168d09c99534e41adbe3937851c57;a98d7cf31e0033c5cf76a6d31f62b472	sgPbrm1_e4.1+ Cas9+ P14, Replicate A [RNA_sgPbrm1_e4.1_A]
Baxter2023	GSE211410	PRJNA870148	RNA	bulk	PBAF	Arid2	sgArid2_e3.1+ Cas9+ P14, Replicate B	B	False	SRR21093338	SRX17107698	GSM6469659	PAIRED	1.2	ftp.sra.ebi.ac.uk/vol1/fastq/SRR210/038/SRR21093338/SRR21093338_1.fastq.gz;ftp.sra.ebi.ac.uk/vol1/fastq/SRR210/038/SRR21093338/SRR21093338_2.fastq.gz	ab31493a06d4e977307764a6753d2394;a2851a3875b5ab54484fa440b02003be	sgArid2_e3.1+ Cas9+ P14, Replicate B [RNA_sgArid2_3e1_B]
Baxter2023	GSE211410	PRJNA870148	RNA	bulk	PBAF	Arid2	sgArid2_e13.1+ Cas9+ P14, Replicate B	B	False	SRR21093340	SRX17107696	GSM6469657	PAIRED	1.27	ftp.sra.ebi.ac.uk/vol1/fastq/SRR210/040/SRR21093340/SRR21093340_1.fastq.gz;ftp.sra.ebi.ac.uk/vol1/fastq/SRR210/040/SRR21093340/SRR21093340_2.fastq.gz	114bce57504ccc61faf06455da4b551a;a30c6753589dc0d723eb0bb754b8e558	sgArid2_e13.1+ Cas9+ P14, Replicate B [RNA_sgArid2_13e1_B]
Baxter2023	GSE211410	PRJNA870148	RNA	bulk	PBAF	Arid2	sgArid2_e13.1+ Cas9+ P14, Replicate A	A	False	SRR21093341	SRX17107695	GSM6469656	PAIRED	1.43	ftp.sra.ebi.ac.uk/vol1/fastq/SRR210/041/SRR21093341/SRR21093341_1.fastq.gz;ftp.sra.ebi.ac.uk/vol1/fastq/SRR210/041/SRR21093341/SRR21093341_2.fastq.gz	bf2407ec27cfa56050d68217259adda4;8a4efb2f5f6f90a801fadbd7dd7ce17d	sgArid2_e13.1+ Cas9+ P14, Replicate A [RNA_sgArid2_13e1_A]
Baxter2023	GSE211410	PRJNA870148	RNA	bulk	control	sgControl(Ano9)	sgAno9+ Cas9+ P14, Replicate C	C	False	SRR21093342	SRX17107694	GSM6469655	PAIRED	1.27	ftp.sra.ebi.ac.uk/vol1/fastq/SRR210/042/SRR21093342/SRR21093342_1.fastq.gz;ftp.sra.ebi.ac.uk/vol1/fastq/SRR210/042/SRR21093342/SRR21093342_2.fastq.gz	93ceb0a25e14abd45c545aea57538ccf;1c0990d7e19a52f33c72fcefbae26b73	sgAno9+ Cas9+ P14, Replicate C [RNA_sgAno9_C]
Baxter2023	GSE211410	PRJNA870148	RNA	bulk	PBAF	Arid2	sgArid2_e3.1+ Cas9+ P14, Replicate A	A	False	SRR21093339	SRX17107697	GSM6469658	PAIRED	1.35	ftp.sra.ebi.ac.uk/vol1/fastq/SRR210/039/SRR21093339/SRR21093339_1.fastq.gz;ftp.sra.ebi.ac.uk/vol1/fastq/SRR210/039/SRR21093339/SRR21093339_2.fastq.gz	374a61de0ba266ea4c9f532a273976a6;d772da89acd7069d153c94ab01af4bd1	sgArid2_e3.1+ Cas9+ P14, Replicate A [RNA_sgArid2_3e1_A]
Baxter2023	GSE211410	PRJNA870148	RNA	bulk	control	sgControl(Ano9)	sgAno9+ Cas9+ P14, Replicate A	A	False	SRR21093344	SRX17107692	GSM6469653	PAIRED	1.4	ftp.sra.ebi.ac.uk/vol1/fastq/SRR210/044/SRR21093344/SRR21093344_1.fastq.gz;ftp.sra.ebi.ac.uk/vol1/fastq/SRR210/044/SRR21093344/SRR21093344_2.fastq.gz	2cf1cedcfb78002e3016e511e02da076;8ef0ae08c5e8ce083335da1639a654c5	sgAno9+ Cas9+ P14, Replicate A [RNA_sgAno9_A]
Baxter2023	GSE211410	PRJNA870148	RNA	bulk	PBAF	Pbrm1	sgPbrm1_e7.1+ Cas9+ P14, Replicate A	A	False	SRR21093335	SRX17107701	GSM6469662	PAIRED	1.22	ftp.sra.ebi.ac.uk/vol1/fastq/SRR210/035/SRR21093335/SRR21093335_1.fastq.gz;ftp.sra.ebi.ac.uk/vol1/fastq/SRR210/035/SRR21093335/SRR21093335_2.fastq.gz	f7aaf017f144a236c4dc6ddd26b6a93f;e4f30f1f2573e96dafb2a48a92b621cc	sgPbrm1_e7.1+ Cas9+ P14, Replicate A [RNA_sgPbrm1_e7.1_A]
Baxter2023	GSE211410	PRJNA870148	RNA	bulk	PBAF	Pbrm1	sgPbrm1_e4.1+ Cas9+ P14, Replicate B	B	False	SRR21093336	SRX17107700	GSM6469661	PAIRED	1.26	ftp.sra.ebi.ac.uk/vol1/fastq/SRR210/036/SRR21093336/SRR21093336_1.fastq.gz;ftp.sra.ebi.ac.uk/vol1/fastq/SRR210/036/SRR21093336/SRR21093336_2.fastq.gz	1feaa876d0b560b00ad8915080c3d9f6;823a2f779a870035edb6271aa83df35f	sgPbrm1_e4.1+ Cas9+ P14, Replicate B [RNA_sgPbrm1_e4.1_B]
Baxter2023	GSE211410	PRJNA870148	RNA	bulk	control	sgControl(Ano9)	sgAno9+ Cas9+ P14, Replicate B	B	False	SRR21093343	SRX17107693	GSM6469654	PAIRED	1.27	ftp.sra.ebi.ac.uk/vol1/fastq/SRR210/043/SRR21093343/SRR21093343_1.fastq.gz;ftp.sra.ebi.ac.uk/vol1/fastq/SRR210/043/SRR21093343/SRR21093343_2.fastq.gz	08696e030f8ea5d46f5aa8c563df9590;84bd24b7731bdad1000cb8e90347b474	sgAno9+ Cas9+ P14, Replicate B [RNA_sgAno9_B]
Baxter2023	GSE211410	PRJNA960837	scRNA	single-cell	NA	timecourse	LCMV7: Cl13D30		False	SRR24273403	SRX20069189	GSM7220525	PAIRED	16.52	ftp.sra.ebi.ac.uk/vol1/fastq/SRR242/003/SRR24273403/SRR24273403_1.fastq.gz;ftp.sra.ebi.ac.uk/vol1/fastq/SRR242/003/SRR24273403/SRR24273403_2.fastq.gz	fd3f98e0a0d2eba803399fd3ffbd3ee8;ad70e5237dce6b922e688852eddb8b12	LCMV7: Cl13D30, scRNA
Baxter2023	GSE211410	PRJNA960837	scATAC	single-cell	NA	timecourse	LCMV6: Cl13D15		False	SRR24273404	SRX20069188	GSM7220524	PAIRED	20.1	ftp.sra.ebi.ac.uk/vol1/fastq/SRR242/004/SRR24273404/SRR24273404_1.fastq.gz;ftp.sra.ebi.ac.uk/vol1/fastq/SRR242/004/SRR24273404/SRR24273404_2.fastq.gz	32d2065602afa0bf42cc394bf6b57e48;081dc0fe2e729ab17fa706a37eefbbe9	LCMV6: Cl13D15, scATAC
Baxter2023	GSE211410	PRJNA960837	scRNA	single-cell	NA	timecourse	LCMV6: Cl13D15		False	SRR24273405	SRX20069187	GSM7220523	PAIRED	19.61	ftp.sra.ebi.ac.uk/vol1/fastq/SRR242/005/SRR24273405/SRR24273405_1.fastq.gz;ftp.sra.ebi.ac.uk/vol1/fastq/SRR242/005/SRR24273405/SRR24273405_2.fastq.gz	f83fee91c9cf000f0f087f679b542d78;eabfa5a2eaa7bc49a9f1949d679e2b87	LCMV6: Cl13D15, scRNA
Baxter2023	GSE211410	PRJNA960837	scATAC	single-cell	NA	timecourse	LCMV5: Cl13D8		False	SRR24273406	SRX20069186	GSM7220522	PAIRED	19.23	ftp.sra.ebi.ac.uk/vol1/fastq/SRR242/006/SRR24273406/SRR24273406_1.fastq.gz;ftp.sra.ebi.ac.uk/vol1/fastq/SRR242/006/SRR24273406/SRR24273406_2.fastq.gz	f1ed902a10c030b2c506de3e4c340add;36eb37d969a6223daf53b1f024bb4929	LCMV5: Cl13D8, scATAC
Baxter2023	GSE211410	PRJNA960837	scATAC	single-cell	NA	timecourse	LCMV4: ArmD30		False	SRR24273408	SRX20069184	GSM7220520	PAIRED	19.88	ftp.sra.ebi.ac.uk/vol1/fastq/SRR242/008/SRR24273408/SRR24273408_1.fastq.gz;ftp.sra.ebi.ac.uk/vol1/fastq/SRR242/008/SRR24273408/SRR24273408_2.fastq.gz	953dd6a470a3e76066cc722dc3ebc44b;c984119503cac6cf611b882c446c99f6	LCMV4: ArmD30, scATAC
Baxter2023	GSE211410	PRJNA960837	scATAC	single-cell	NA	timecourse	LCMV1: Naive		False	SRR24273414	SRX20069178	GSM7220514	PAIRED	21.12	ftp.sra.ebi.ac.uk/vol1/fastq/SRR242/014/SRR24273414/SRR24273414_1.fastq.gz;ftp.sra.ebi.ac.uk/vol1/fastq/SRR242/014/SRR24273414/SRR24273414_2.fastq.gz	1c5bcfda05a6e219f1ace0adf5e6219c;313401e7f734417b788dab1df41d1004	LCMV1: Naive, scATAC
Baxter2023	GSE211410	PRJNA960837	scRNA	single-cell	NA	timecourse	LCMV1: Naive		False	SRR24273415	SRX20069177	GSM7220513	PAIRED	19.82	ftp.sra.ebi.ac.uk/vol1/fastq/SRR242/015/SRR24273415/SRR24273415_1.fastq.gz;ftp.sra.ebi.ac.uk/vol1/fastq/SRR242/015/SRR24273415/SRR24273415_2.fastq.gz	5144ec8a479560cdb7a1409ed4b1dc38;d240214a5d96b8d5fcf221457ed620cc	LCMV1: Naive, scRNA
Baxter2023	GSE211410	PRJNA960837	scRNA	single-cell	NA	timecourse	LCMV8: Cl13D30+aPDL1		False	SRR24273401	SRX20069191	GSM7220527	PAIRED	17.82	ftp.sra.ebi.ac.uk/vol1/fastq/SRR242/001/SRR24273401/SRR24273401_1.fastq.gz;ftp.sra.ebi.ac.uk/vol1/fastq/SRR242/001/SRR24273401/SRR24273401_2.fastq.gz	82eeef9a167af8ecb49f105093c03156;a2c37d050ac30e9ab5d80b4ca3239b11	LCMV8: Cl13D30+aPDL1, scRNA
Baxter2023	GSE211410	PRJNA960837	scRNA	single-cell	NA	timecourse	LCMV4: ArmD30		False	SRR24273409	SRX20069183	GSM7220519	PAIRED	18.91	ftp.sra.ebi.ac.uk/vol1/fastq/SRR242/009/SRR24273409/SRR24273409_1.fastq.gz;ftp.sra.ebi.ac.uk/vol1/fastq/SRR242/009/SRR24273409/SRR24273409_2.fastq.gz	d3e0fdad025c4f2c81c3d31e26fd3cc4;a4f2df2ebca921fdb339b83ec73860b8	LCMV4: ArmD30, scRNA
Baxter2023	GSE211410	PRJNA960837	scRNA	single-cell	NA	timecourse	LCMV3: ArmD15		False	SRR24273411	SRX20069181	GSM7220517	PAIRED	18.73	ftp.sra.ebi.ac.uk/vol1/fastq/SRR242/011/SRR24273411/SRR24273411_1.fastq.gz;ftp.sra.ebi.ac.uk/vol1/fastq/SRR242/011/SRR24273411/SRR24273411_2.fastq.gz	9d5a55ab8162a3d52a492323b1b9238c;d93447f9d7236745bc8d61a483aa7a2e	LCMV3: ArmD15, scRNA
Baxter2023	GSE211410	PRJNA960837	scATAC	single-cell	NA	timecourse	LCMV2: ArmD8		False	SRR24273412	SRX20069180	GSM7220516	PAIRED	17.81	ftp.sra.ebi.ac.uk/vol1/fastq/SRR242/012/SRR24273412/SRR24273412_1.fastq.gz;ftp.sra.ebi.ac.uk/vol1/fastq/SRR242/012/SRR24273412/SRR24273412_2.fastq.gz	d89686c559d55d1151e1e31b74ae0162;906ad5deb51c9194778884ae2efff45b	LCMV2: ArmD8, scATAC
Baxter2023	GSE211410	PRJNA960837	scATAC	single-cell	NA	timecourse	LCMV8: Cl13D30+aPDL1		False	SRR24273400	SRX20069192	GSM7220528	PAIRED	18.18	ftp.sra.ebi.ac.uk/vol1/fastq/SRR242/000/SRR24273400/SRR24273400_1.fastq.gz;ftp.sra.ebi.ac.uk/vol1/fastq/SRR242/000/SRR24273400/SRR24273400_2.fastq.gz	b383bbb5e9b72dc2aaf7da5c843d0a44;62d5c3aed5ef060747cbc8f79f05e5ff	LCMV8: Cl13D30+aPDL1, scATAC
Baxter2023	GSE211410	PRJNA960837	scATAC	single-cell	NA	timecourse	LCMV7: Cl13D30		False	SRR24273402	SRX20069190	GSM7220526	PAIRED	21.66	ftp.sra.ebi.ac.uk/vol1/fastq/SRR242/002/SRR24273402/SRR24273402_1.fastq.gz;ftp.sra.ebi.ac.uk/vol1/fastq/SRR242/002/SRR24273402/SRR24273402_2.fastq.gz	ccdd28532726cec8bf45d9ce99aba949;99fc37a1f0a987b67b142c51105ac3cb	LCMV7: Cl13D30, scATAC
Baxter2023	GSE211410	PRJNA960837	scRNA	single-cell	NA	timecourse	LCMV5: Cl13D8		False	SRR24273407	SRX20069185	GSM7220521	PAIRED	18.96	ftp.sra.ebi.ac.uk/vol1/fastq/SRR242/007/SRR24273407/SRR24273407_1.fastq.gz;ftp.sra.ebi.ac.uk/vol1/fastq/SRR242/007/SRR24273407/SRR24273407_2.fastq.gz	f7313504babdfdd6c993890fdba020d7;d3cbba765a5e9e0c57544dc33948323f	LCMV5: Cl13D8, scRNA
Baxter2023	GSE211410	PRJNA960837	scATAC	single-cell	NA	timecourse	LCMV3: ArmD15		False	SRR24273410	SRX20069182	GSM7220518	PAIRED	16.57	ftp.sra.ebi.ac.uk/vol1/fastq/SRR242/010/SRR24273410/SRR24273410_1.fastq.gz;ftp.sra.ebi.ac.uk/vol1/fastq/SRR242/010/SRR24273410/SRR24273410_2.fastq.gz	bf215a49fca114ccdaed2afd79a878a4;401cf7055366f09c42bf0b98404ad396	LCMV3: ArmD15, scATAC
Baxter2023	GSE211410	PRJNA960837	scRNA	single-cell	NA	timecourse	LCMV2: ArmD8		False	SRR24273413	SRX20069179	GSM7220515	PAIRED	19.28	ftp.sra.ebi.ac.uk/vol1/fastq/SRR242/013/SRR24273413/SRR24273413_1.fastq.gz;ftp.sra.ebi.ac.uk/vol1/fastq/SRR242/013/SRR24273413/SRR24273413_2.fastq.gz	04fc1d2e1f0bc95a85cf9116454650e0;3f7271f40582dfa51d1f1893da4cf6c7	LCMV2: ArmD8, scRNA
