file	match	column	expected
results/paper/fig2g_d3_deg_counts.csv	threshold=legend_2fold	up	516
results/paper/fig2g_d3_deg_counts.csv	threshold=legend_2fold	down	376
results/paper/fig2g_d3_deg_counts.csv	threshold=methods_1.5fold	up	1283
results/paper/fig2g_d3_deg_counts.csv	threshold=methods_1.5fold	down	1105
results/paper/fig4b_da_counts.csv	genotype=KO;subset=TE	lost	10804
results/paper/fig4b_da_counts.csv	genotype=KO;subset=EEC	lost	14365
results/paper/fig4b_da_counts.csv	genotype=KO;subset=MP	lost	15547
results/paper/fig4b_da_counts.csv	genotype=Het;subset=MP	lost	2184
results/paper/fig4d_upset_lost_ko.csv	sets=TE+EEC+MP	size	8416
results/paper/fig5d_normalization_summary.csv	normalization=totalreads;drug=ACBI1	lost_tbet_bound	2161
results/paper/fig5d_normalization_summary.csv	normalization=medianratio;drug=ACBI1	lost	283
results/paper/figS5a_tbx21ko_da_counts.csv	subset=MP	lost	3587
results/paper/fig2c_pct_lost_by_cluster.csv	cluster=Activation;timepoint=d5	n_lost	5363
results/paper/fig6a_pagerank.csv	tf=Bhlhe40	rank_impaired_in_KO	2
results/paper/fig6a_pagerank.csv	tf=Tbx21	rank_impaired_in_KO	15
results/paper/fig6a_pagerank.csv	tf=Eomes	rank_impaired_in_KO	9
